{
	"credit": "Made with Blockbench",
	"textures": {
		"0": "block/seat",
		"1": "block/base",
		"2": "block/eye",
		"3": "block/mouth",
		"particle": "block/seat"
	},
	"elements": [
		{
			"from": [3.55, 1.5, -0.75],
			"to": [4.15, 3, 2.7],
			"rotation": {"angle": -45, "axis": "y", "origin": [1, 2, 1]},
			"faces": {
				"north": {"uv": [0, 0, 0.6, 1.5], "texture": "#1"},
				"east": {"uv": [0, 0, 3.45, 1.5], "texture": "#1"},
				"south": {"uv": [0, 0, 0.6, 1.5], "texture": "#1"},
				"west": {"uv": [0, 0, 3.45, 1.5], "texture": "#1"},
				"up": {"uv": [0, 0, 0.6, 3.45], "texture": "#1"},
				"down": {"uv": [0, 0, 0.6, 3.45], "texture": "#1"}
			}
		},
		{
			"from": [3.5, 0, -0.85],
			"to": [4.1, 1.5, 2.8],
			"rotation": {"angle": -45, "axis": "y", "origin": [1, 2, 1]},
			"faces": {
				"north": {"uv": [0, 0, 0.6, 1.5], "texture": "#1"},
				"east": {"uv": [0, 0, 3.65, 1.5], "texture": "#1"},
				"south": {"uv": [0, 0, 0.6, 1.5], "texture": "#1"},
				"west": {"uv": [0, 0, 3.65, 1.5], "texture": "#1"},
				"up": {"uv": [0, 0, 0.6, 3.65], "texture": "#1"},
				"down": {"uv": [0, 0, 0.6, 3.65], "texture": "#1"}
			}
		},
		{
			"from": [3.55, 1.5, -0.75],
			"to": [4.15, 3, 2.7],
			"rotation": {"angle": -45, "axis": "y", "origin": [1, 2, 1]},
			"faces": {
				"north": {"uv": [0, 0, 0.6, 1.5], "texture": "#1"},
				"east": {"uv": [0, 0, 3.45, 1.5], "texture": "#1"},
				"south": {"uv": [0, 0, 0.6, 1.5], "texture": "#1"},
				"west": {"uv": [0, 0, 3.45, 1.5], "texture": "#1"},
				"up": {"uv": [0, 0, 0.6, 3.45], "texture": "#1"},
				"down": {"uv": [0, 0, 0.6, 3.45], "texture": "#1"}
			}
		},
		{
			"from": [3.6, 3, -0.55],
			"to": [4.2, 4.5, 2.5],
			"rotation": {"angle": -45, "axis": "y", "origin": [1, 2, 1]},
			"faces": {
				"north": {"uv": [0, 0, 0.6, 1.5], "texture": "#1"},
				"east": {"uv": [0, 0, 3.05, 1.5], "texture": "#1"},
				"south": {"uv": [0, 0, 0.6, 1.5], "texture": "#1"},
				"west": {"uv": [0, 0, 3.05, 1.5], "texture": "#1"},
				"up": {"uv": [0, 0, 0.6, 3.05], "texture": "#1"},
				"down": {"uv": [0, 0, 0.6, 3.05], "texture": "#1"}
			}
		},
		{
			"from": [3.7, 4.45, -0.45],
			"to": [4.3, 5.95, 2.4],
			"rotation": {"angle": -45, "axis": "y", "origin": [1, 2, 1]},
			"faces": {
				"north": {"uv": [0, 0, 0.6, 1.5], "texture": "#1"},
				"east": {"uv": [0, 0, 2.85, 1.5], "texture": "#1"},
				"south": {"uv": [0, 0, 0.6, 1.5], "texture": "#1"},
				"west": {"uv": [0, 0, 2.85, 1.5], "texture": "#1"},
				"up": {"uv": [0, 0, 0.6, 2.85], "texture": "#1"},
				"down": {"uv": [0, 0, 0.6, 2.85], "texture": "#1"}
			}
		},
		{
			"from": [4.05, 5.95, -0.35],
			"to": [4.55, 6.55, 2.3],
			"rotation": {"angle": -45, "axis": "y", "origin": [1, 2, 1]},
			"faces": {
				"north": {"uv": [0, 0, 0.5, 0.6], "texture": "#1"},
				"east": {"uv": [0, 0, 2.65, 0.6], "texture": "#1"},
				"south": {"uv": [0, 0, 0.5, 0.6], "texture": "#1"},
				"west": {"uv": [0, 0, 2.65, 0.6], "texture": "#1"},
				"up": {"uv": [0, 0, 0.5, 2.65], "texture": "#1"},
				"down": {"uv": [0, 0, 0.5, 2.65], "texture": "#1"}
			}
		},
		{
			"from": [4.55, 6.3, -0.25],
			"to": [5.8, 6.8, 2.2],
			"rotation": {"angle": -45, "axis": "y", "origin": [1, 2, 1]},
			"faces": {
				"north": {"uv": [0, 0, 1.25, 0.5], "texture": "#1"},
				"east": {"uv": [0, 0, 2.45, 0.5], "texture": "#1"},
				"south": {"uv": [0, 0, 1.25, 0.5], "texture": "#1"},
				"west": {"uv": [0, 0, 2.45, 0.5], "texture": "#1"},
				"up": {"uv": [0, 0, 1.25, 2.45], "texture": "#1"},
				"down": {"uv": [0, 0, 1.25, 2.45], "texture": "#1"}
			}
		},
		{
			"from": [11.06247, 1.5, 12.74711],
			"to": [14.51247, 3, 13.34711],
			"rotation": {"angle": 45, "axis": "y", "origin": [12.78747, 4.8, 12.75211]},
			"faces": {
				"north": {"uv": [0, 0, 3.45, 1.5], "texture": "#1"},
				"east": {"uv": [0, 0, 0.6, 1.5], "texture": "#1"},
				"south": {"uv": [0, 0, 3.45, 1.5], "texture": "#1"},
				"west": {"uv": [0, 0, 0.6, 1.5], "texture": "#1"},
				"up": {"uv": [0, 0, 0.6, 3.45], "rotation": 270, "texture": "#1"},
				"down": {"uv": [0, 0, 0.6, 3.45], "rotation": 90, "texture": "#1"}
			}
		},
		{
			"from": [10.96247, 0, 12.84711],
			"to": [14.61247, 1.5, 13.44711],
			"rotation": {"angle": 45, "axis": "y", "origin": [12.78747, 4.8, 12.75211]},
			"faces": {
				"north": {"uv": [0, 0, 3.65, 1.5], "texture": "#1"},
				"east": {"uv": [0, 0, 0.6, 1.5], "texture": "#1"},
				"south": {"uv": [0, 0, 3.65, 1.5], "texture": "#1"},
				"west": {"uv": [0, 0, 0.6, 1.5], "texture": "#1"},
				"up": {"uv": [0, 0, 0.6, 3.65], "rotation": 270, "texture": "#1"},
				"down": {"uv": [0, 0, 0.6, 3.65], "rotation": 90, "texture": "#1"}
			}
		},
		{
			"from": [11.26247, 3, 12.69711],
			"to": [14.31247, 4.5, 13.29711],
			"rotation": {"angle": 45, "axis": "y", "origin": [12.78747, 4.8, 12.75211]},
			"faces": {
				"north": {"uv": [0, 0, 3.05, 1.5], "texture": "#1"},
				"east": {"uv": [0, 0, 0.6, 1.5], "texture": "#1"},
				"south": {"uv": [0, 0, 3.05, 1.5], "texture": "#1"},
				"west": {"uv": [0, 0, 0.6, 1.5], "texture": "#1"},
				"up": {"uv": [0, 0, 0.6, 3.05], "rotation": 270, "texture": "#1"},
				"down": {"uv": [0, 0, 0.6, 3.05], "rotation": 90, "texture": "#1"}
			}
		},
		{
			"from": [11.36247, 4.45, 12.59711],
			"to": [14.21247, 5.95, 13.19711],
			"rotation": {"angle": 45, "axis": "y", "origin": [12.78747, 4.8, 12.75211]},
			"faces": {
				"north": {"uv": [0, 0, 2.85, 1.5], "texture": "#1"},
				"east": {"uv": [0, 0, 0.6, 1.5], "texture": "#1"},
				"south": {"uv": [0, 0, 2.85, 1.5], "texture": "#1"},
				"west": {"uv": [0, 0, 0.6, 1.5], "texture": "#1"},
				"up": {"uv": [0, 0, 0.6, 2.85], "rotation": 270, "texture": "#1"},
				"down": {"uv": [0, 0, 0.6, 2.85], "rotation": 90, "texture": "#1"}
			}
		},
		{
			"from": [11.46247, 5.95, 12.34711],
			"to": [14.11247, 6.55, 12.84711],
			"rotation": {"angle": 45, "axis": "y", "origin": [12.78747, 4.8, 12.75211]},
			"faces": {
				"north": {"uv": [0, 0, 2.65, 0.6], "texture": "#1"},
				"east": {"uv": [0, 0, 0.5, 0.6], "texture": "#1"},
				"south": {"uv": [0, 0, 2.65, 0.6], "texture": "#1"},
				"west": {"uv": [0, 0, 0.5, 0.6], "texture": "#1"},
				"up": {"uv": [0, 0, 0.5, 2.65], "rotation": 270, "texture": "#1"},
				"down": {"uv": [0, 0, 0.5, 2.65], "rotation": 90, "texture": "#1"}
			}
		},
		{
			"from": [11.56247, 6.3, 11.09711],
			"to": [14.01247, 6.8, 12.34711],
			"rotation": {"angle": 45, "axis": "y", "origin": [12.78747, 4.8, 12.75211]},
			"faces": {
				"north": {"uv": [0, 0, 2.45, 0.5], "texture": "#1"},
				"east": {"uv": [0, 0, 1.25, 0.5], "texture": "#1"},
				"south": {"uv": [0, 0, 2.45, 0.5], "texture": "#1"},
				"west": {"uv": [0, 0, 1.25, 0.5], "texture": "#1"},
				"up": {"uv": [0, 0, 1.25, 2.45], "rotation": 270, "texture": "#1"},
				"down": {"uv": [0, 0, 1.25, 2.45], "rotation": 90, "texture": "#1"}
			}
		},
		{
			"from": [1.68724, 1.5, 12.70569],
			"to": [5.13724, 3, 13.30569],
			"rotation": {"angle": -45, "axis": "y", "origin": [3.31224, 4.8, 12.61069]},
			"faces": {
				"north": {"uv": [0, 0, 3.45, 1.5], "texture": "#1"},
				"east": {"uv": [0, 0, 0.6, 1.5], "texture": "#1"},
				"south": {"uv": [0, 0, 3.45, 1.5], "texture": "#1"},
				"west": {"uv": [0, 0, 0.6, 1.5], "texture": "#1"},
				"up": {"uv": [0, 0, 0.6, 3.45], "rotation": 270, "texture": "#1"},
				"down": {"uv": [0, 0, 0.6, 3.45], "rotation": 90, "texture": "#1"}
			}
		},
		{
			"from": [1.58724, 0, 12.80569],
			"to": [5.23724, 1.5, 13.40569],
			"rotation": {"angle": -45, "axis": "y", "origin": [3.31224, 4.8, 12.61069]},
			"faces": {
				"north": {"uv": [0, 0, 3.65, 1.5], "texture": "#1"},
				"east": {"uv": [0, 0, 0.6, 1.5], "texture": "#1"},
				"south": {"uv": [0, 0, 3.65, 1.5], "texture": "#1"},
				"west": {"uv": [0, 0, 0.6, 1.5], "texture": "#1"},
				"up": {"uv": [0, 0, 0.6, 3.65], "rotation": 270, "texture": "#1"},
				"down": {"uv": [0, 0, 0.6, 3.65], "rotation": 90, "texture": "#1"}
			}
		},
		{
			"from": [1.88724, 3, 12.65569],
			"to": [4.93724, 4.5, 13.25569],
			"rotation": {"angle": -45, "axis": "y", "origin": [3.31224, 4.8, 12.61069]},
			"faces": {
				"north": {"uv": [0, 0, 3.05, 1.5], "texture": "#1"},
				"east": {"uv": [0, 0, 0.6, 1.5], "texture": "#1"},
				"south": {"uv": [0, 0, 3.05, 1.5], "texture": "#1"},
				"west": {"uv": [0, 0, 0.6, 1.5], "texture": "#1"},
				"up": {"uv": [0, 0, 0.6, 3.05], "rotation": 270, "texture": "#1"},
				"down": {"uv": [0, 0, 0.6, 3.05], "rotation": 90, "texture": "#1"}
			}
		},
		{
			"from": [1.98724, 4.45, 12.55569],
			"to": [4.83724, 5.95, 13.15569],
			"rotation": {"angle": -45, "axis": "y", "origin": [3.31224, 4.8, 12.61069]},
			"faces": {
				"north": {"uv": [0, 0, 2.85, 1.5], "texture": "#1"},
				"east": {"uv": [0, 0, 0.6, 1.5], "texture": "#1"},
				"south": {"uv": [0, 0, 2.85, 1.5], "texture": "#1"},
				"west": {"uv": [0, 0, 0.6, 1.5], "texture": "#1"},
				"up": {"uv": [0, 0, 0.6, 2.85], "rotation": 270, "texture": "#1"},
				"down": {"uv": [0, 0, 0.6, 2.85], "rotation": 90, "texture": "#1"}
			}
		},
		{
			"from": [2.08724, 5.95, 12.30569],
			"to": [4.73724, 6.55, 12.80569],
			"rotation": {"angle": -45, "axis": "y", "origin": [3.31224, 4.8, 12.61069]},
			"faces": {
				"north": {"uv": [0, 0, 2.65, 0.6], "texture": "#1"},
				"east": {"uv": [0, 0, 0.5, 0.6], "texture": "#1"},
				"south": {"uv": [0, 0, 2.65, 0.6], "texture": "#1"},
				"west": {"uv": [0, 0, 0.5, 0.6], "texture": "#1"},
				"up": {"uv": [0, 0, 0.5, 2.65], "rotation": 270, "texture": "#1"},
				"down": {"uv": [0, 0, 0.5, 2.65], "rotation": 90, "texture": "#1"}
			}
		},
		{
			"from": [2.18724, 6.3, 11.05569],
			"to": [4.63724, 6.8, 12.30569],
			"rotation": {"angle": -45, "axis": "y", "origin": [3.31224, 4.8, 12.61069]},
			"faces": {
				"north": {"uv": [0, 0, 2.45, 0.5], "texture": "#1"},
				"east": {"uv": [0, 0, 1.25, 0.5], "texture": "#1"},
				"south": {"uv": [0, 0, 2.45, 0.5], "texture": "#1"},
				"west": {"uv": [0, 0, 1.25, 0.5], "texture": "#1"},
				"up": {"uv": [0, 0, 1.25, 2.45], "rotation": 270, "texture": "#1"},
				"down": {"uv": [0, 0, 1.25, 2.45], "rotation": 90, "texture": "#1"}
			}
		},
		{
			"from": [10.87963, 1.5, 2.52331],
			"to": [14.32963, 3, 3.12331],
			"rotation": {"angle": -45, "axis": "y", "origin": [12.50463, 4.8, 3.41831]},
			"faces": {
				"north": {"uv": [0, 0, 3.45, 1.5], "texture": "#1"},
				"east": {"uv": [0, 0, 0.6, 1.5], "texture": "#1"},
				"south": {"uv": [0, 0, 3.45, 1.5], "texture": "#1"},
				"west": {"uv": [0, 0, 0.6, 1.5], "texture": "#1"},
				"up": {"uv": [0, 0, 0.6, 3.45], "rotation": 90, "texture": "#1"},
				"down": {"uv": [0, 0, 0.6, 3.45], "rotation": 270, "texture": "#1"}
			}
		},
		{
			"from": [10.77963, 0, 2.42331],
			"to": [14.42963, 1.5, 3.02331],
			"rotation": {"angle": -45, "axis": "y", "origin": [12.50463, 4.8, 3.41831]},
			"faces": {
				"north": {"uv": [0, 0, 3.65, 1.5], "texture": "#1"},
				"east": {"uv": [0, 0, 0.6, 1.5], "texture": "#1"},
				"south": {"uv": [0, 0, 3.65, 1.5], "texture": "#1"},
				"west": {"uv": [0, 0, 0.6, 1.5], "texture": "#1"},
				"up": {"uv": [0, 0, 0.6, 3.65], "rotation": 90, "texture": "#1"},
				"down": {"uv": [0, 0, 0.6, 3.65], "rotation": 270, "texture": "#1"}
			}
		},
		{
			"from": [11.07963, 3, 2.57331],
			"to": [14.12963, 4.5, 3.17331],
			"rotation": {"angle": -45, "axis": "y", "origin": [12.50463, 4.8, 3.41831]},
			"faces": {
				"north": {"uv": [0, 0, 3.05, 1.5], "texture": "#1"},
				"east": {"uv": [0, 0, 0.6, 1.5], "texture": "#1"},
				"south": {"uv": [0, 0, 3.05, 1.5], "texture": "#1"},
				"west": {"uv": [0, 0, 0.6, 1.5], "texture": "#1"},
				"up": {"uv": [0, 0, 0.6, 3.05], "rotation": 90, "texture": "#1"},
				"down": {"uv": [0, 0, 0.6, 3.05], "rotation": 270, "texture": "#1"}
			}
		},
		{
			"from": [11.17963, 4.45, 2.67331],
			"to": [14.02963, 5.95, 3.27331],
			"rotation": {"angle": -45, "axis": "y", "origin": [12.50463, 4.8, 3.41831]},
			"faces": {
				"north": {"uv": [0, 0, 2.85, 1.5], "texture": "#1"},
				"east": {"uv": [0, 0, 0.6, 1.5], "texture": "#1"},
				"south": {"uv": [0, 0, 2.85, 1.5], "texture": "#1"},
				"west": {"uv": [0, 0, 0.6, 1.5], "texture": "#1"},
				"up": {"uv": [0, 0, 0.6, 2.85], "rotation": 90, "texture": "#1"},
				"down": {"uv": [0, 0, 0.6, 2.85], "rotation": 270, "texture": "#1"}
			}
		},
		{
			"from": [11.27963, 5.95, 3.02331],
			"to": [13.92963, 6.55, 3.52331],
			"rotation": {"angle": -45, "axis": "y", "origin": [12.50463, 4.8, 3.41831]},
			"faces": {
				"north": {"uv": [0, 0, 2.65, 0.6], "texture": "#1"},
				"east": {"uv": [0, 0, 0.5, 0.6], "texture": "#1"},
				"south": {"uv": [0, 0, 2.65, 0.6], "texture": "#1"},
				"west": {"uv": [0, 0, 0.5, 0.6], "texture": "#1"},
				"up": {"uv": [0, 0, 0.5, 2.65], "rotation": 90, "texture": "#1"},
				"down": {"uv": [0, 0, 0.5, 2.65], "rotation": 270, "texture": "#1"}
			}
		},
		{
			"from": [11.37963, 6.3, 3.52331],
			"to": [13.82963, 6.8, 4.77331],
			"rotation": {"angle": -45, "axis": "y", "origin": [12.50463, 4.8, 3.41831]},
			"faces": {
				"north": {"uv": [0, 0, 2.45, 0.5], "texture": "#1"},
				"east": {"uv": [0, 0, 1.25, 0.5], "texture": "#1"},
				"south": {"uv": [0, 0, 2.45, 0.5], "texture": "#1"},
				"west": {"uv": [0, 0, 1.25, 0.5], "texture": "#1"},
				"up": {"uv": [0, 0, 1.25, 2.45], "rotation": 90, "texture": "#1"},
				"down": {"uv": [0, 0, 1.25, 2.45], "rotation": 270, "texture": "#1"}
			}
		},
		{
			"from": [6.81093, 6.85, 11.53661],
			"to": [9.21093, 7.6, 14.03661],
			"rotation": {"angle": 0, "axis": "y", "origin": [8.01093, 7.225, 12.78661]},
			"faces": {
				"north": {"uv": [0, 0, 2.4, 0.75], "texture": "#1"},
				"east": {"uv": [0, 0, 2.5, 0.75], "texture": "#1"},
				"south": {"uv": [0, 0, 2.4, 0.75], "texture": "#1"},
				"west": {"uv": [0, 0, 2.5, 0.75], "texture": "#1"},
				"up": {"uv": [0, 0, 2.5, 2.4], "rotation": 90, "texture": "#1"},
				"down": {"uv": [0, 0, 2.5, 2.4], "rotation": 270, "texture": "#1"}
			}
		},
		{
			"from": [5.33801, 6.85, 10.55245],
			"to": [7.73801, 7.6, 13.05245],
			"rotation": {"angle": -22.5, "axis": "y", "origin": [4.8006, 7.225, 11.21414]},
			"faces": {
				"north": {"uv": [0, 0, 2.4, 0.75], "texture": "#1"},
				"east": {"uv": [0, 0, 2.5, 0.75], "texture": "#1"},
				"south": {"uv": [0, 0, 2.4, 0.75], "texture": "#1"},
				"west": {"uv": [0, 0, 2.5, 0.75], "texture": "#1"},
				"up": {"uv": [0, 0, 2.5, 2.4], "rotation": 90, "texture": "#1"},
				"down": {"uv": [0, 0, 2.5, 2.4], "rotation": 270, "texture": "#1"}
			}
		},
		{
			"from": [3.6006, 6.85, 10.20685],
			"to": [6.0006, 7.6, 12.70685],
			"rotation": {"angle": -45, "axis": "y", "origin": [4.8006, 7.225, 11.21414]},
			"faces": {
				"north": {"uv": [0, 0, 2.4, 0.75], "texture": "#1"},
				"east": {"uv": [0, 0, 2.5, 0.75], "texture": "#1"},
				"south": {"uv": [0, 0, 2.4, 0.75], "texture": "#1"},
				"west": {"uv": [0, 0, 2.5, 0.75], "texture": "#1"},
				"up": {"uv": [0, 0, 2.5, 2.4], "rotation": 90, "texture": "#1"},
				"down": {"uv": [0, 0, 2.5, 2.4], "rotation": 270, "texture": "#1"}
			}
		},
		{
			"from": [1.82378, 6.85, 10.42056],
			"to": [3.82378, 7.6, 13.42056],
			"rotation": {"angle": -22.5, "axis": "y", "origin": [2.07378, 7.225, 12.42056]},
			"faces": {
				"north": {"uv": [0, 0, 2, 0.75], "texture": "#1"},
				"east": {"uv": [0, 0, 3, 0.75], "texture": "#1"},
				"south": {"uv": [0, 0, 2, 0.75], "texture": "#1"},
				"west": {"uv": [0, 0, 3, 0.75], "texture": "#1"},
				"up": {"uv": [0, 0, 2, 3], "rotation": 180, "texture": "#1"},
				"down": {"uv": [0, 0, 2, 3], "rotation": 180, "texture": "#1"}
			}
		},
		{
			"from": [1.82378, 6.85, 2.60771],
			"to": [3.82378, 7.6, 5.85771],
			"rotation": {"angle": 22.5, "axis": "y", "origin": [2.07378, 7.225, 3.60771]},
			"faces": {
				"north": {"uv": [0, 0, 2, 0.75], "texture": "#1"},
				"east": {"uv": [0, 0, 3.25, 0.75], "texture": "#1"},
				"south": {"uv": [0, 0, 2, 0.75], "texture": "#1"},
				"west": {"uv": [0, 0, 3.25, 0.75], "texture": "#1"},
				"up": {"uv": [0, 0, 2, 3.25], "rotation": 180, "texture": "#1"},
				"down": {"uv": [0, 0, 2, 3.25], "rotation": 180, "texture": "#1"}
			}
		},
		{
			"from": [3.30788, 6.85, 4.01414],
			"to": [11.55788, 7.6, 12.01414],
			"rotation": {"angle": 0, "axis": "y", "origin": [4.8006, 7.225, 11.21414]},
			"faces": {
				"north": {"uv": [0, 0, 8.25, 0.75], "texture": "#1"},
				"east": {"uv": [0, 0, 8, 0.75], "texture": "#1"},
				"south": {"uv": [0, 0, 8.25, 0.75], "texture": "#1"},
				"west": {"uv": [0, 0, 8, 0.75], "texture": "#1"},
				"up": {"uv": [0, 0, 8.25, 8], "rotation": 180, "texture": "#1"},
				"down": {"uv": [0, 0, 8.25, 8], "rotation": 180, "texture": "#1"}
			}
		},
		{
			"from": [3.30788, 6.85, 2.01414],
			"to": [7.55788, 7.6, 14.01414],
			"rotation": {"angle": 0, "axis": "y", "origin": [4.8006, 7.225, 11.21414]},
			"faces": {
				"north": {"uv": [0, 0, 4.25, 0.75], "texture": "#1"},
				"east": {"uv": [0, 0, 12, 0.75], "texture": "#1"},
				"south": {"uv": [0, 0, 4.25, 0.75], "texture": "#1"},
				"west": {"uv": [0, 0, 12, 0.75], "texture": "#1"},
				"up": {"uv": [0, 0, 4.25, 12], "rotation": 180, "texture": "#1"},
				"down": {"uv": [0, 0, 4.25, 12], "rotation": 180, "texture": "#1"}
			}
		},
		{
			"from": [2.96229, 6.85, 8.27672],
			"to": [5.46229, 7.6, 10.67672],
			"rotation": {"angle": 22.5, "axis": "y", "origin": [4.8006, 7.225, 11.21414]},
			"faces": {
				"north": {"uv": [0, 0, 2.5, 0.75], "texture": "#1"},
				"east": {"uv": [0, 0, 2.4, 0.75], "texture": "#1"},
				"south": {"uv": [0, 0, 2.5, 0.75], "texture": "#1"},
				"west": {"uv": [0, 0, 2.4, 0.75], "texture": "#1"},
				"up": {"uv": [0, 0, 2.5, 2.4], "rotation": 180, "texture": "#1"},
				"down": {"uv": [0, 0, 2.5, 2.4], "rotation": 180, "texture": "#1"}
			}
		},
		{
			"from": [1.97812, 6.85, 6.80381],
			"to": [4.47812, 7.6, 9.20381],
			"rotation": {"angle": 0, "axis": "y", "origin": [5.91368, 7.225, 4.86505]},
			"faces": {
				"north": {"uv": [0, 0, 2.5, 0.75], "texture": "#1"},
				"east": {"uv": [0, 0, 2.4, 0.75], "texture": "#1"},
				"south": {"uv": [0, 0, 2.5, 0.75], "texture": "#1"},
				"west": {"uv": [0, 0, 2.4, 0.75], "texture": "#1"},
				"up": {"uv": [0, 0, 2.5, 2.4], "rotation": 180, "texture": "#1"},
				"down": {"uv": [0, 0, 2.5, 2.4], "rotation": 180, "texture": "#1"}
			}
		},
		{
			"from": [3.01963, 6.85, 5.7623],
			"to": [5.51963, 7.6, 8.1623],
			"rotation": {"angle": -22.5, "axis": "y", "origin": [5.91368, 7.225, 4.86505]},
			"faces": {
				"north": {"uv": [0, 0, 2.5, 0.75], "texture": "#1"},
				"east": {"uv": [0, 0, 2.4, 0.75], "texture": "#1"},
				"south": {"uv": [0, 0, 2.5, 0.75], "texture": "#1"},
				"west": {"uv": [0, 0, 2.4, 0.75], "texture": "#1"},
				"up": {"uv": [0, 0, 2.5, 2.4], "rotation": 180, "texture": "#1"},
				"down": {"uv": [0, 0, 2.5, 2.4], "rotation": 180, "texture": "#1"}
			}
		},
		{
			"from": [3.58329, 6.85, 4.40151],
			"to": [6.08329, 7.6, 6.80151],
			"rotation": {"angle": -45, "axis": "y", "origin": [5.91368, 7.225, 4.86505]},
			"faces": {
				"north": {"uv": [0, 0, 2.5, 0.75], "texture": "#1"},
				"east": {"uv": [0, 0, 2.4, 0.75], "texture": "#1"},
				"south": {"uv": [0, 0, 2.5, 0.75], "texture": "#1"},
				"west": {"uv": [0, 0, 2.4, 0.75], "texture": "#1"},
				"up": {"uv": [0, 0, 2.5, 2.4], "rotation": 180, "texture": "#1"},
				"down": {"uv": [0, 0, 2.5, 2.4], "rotation": 180, "texture": "#1"}
			}
		},
		{
			"from": [7.85243, 6.85, 0.92949],
			"to": [10.25243, 7.6, 3.42949],
			"rotation": {"angle": -22.5, "axis": "y", "origin": [5.91368, 7.225, 4.86505]},
			"faces": {
				"north": {"uv": [0, 0, 2.4, 0.75], "texture": "#1"},
				"east": {"uv": [0, 0, 2.5, 0.75], "texture": "#1"},
				"south": {"uv": [0, 0, 2.4, 0.75], "texture": "#1"},
				"west": {"uv": [0, 0, 2.5, 0.75], "texture": "#1"},
				"up": {"uv": [0, 0, 2.5, 2.4], "rotation": 270, "texture": "#1"},
				"down": {"uv": [0, 0, 2.5, 2.4], "rotation": 90, "texture": "#1"}
			}
		},
		{
			"from": [6.81093, 6.85, 1.971],
			"to": [9.21093, 7.6, 4.471],
			"rotation": {"angle": 0, "axis": "y", "origin": [5.91368, 7.225, 4.86505]},
			"faces": {
				"north": {"uv": [0, 0, 2.4, 0.75], "texture": "#1"},
				"east": {"uv": [0, 0, 2.5, 0.75], "texture": "#1"},
				"south": {"uv": [0, 0, 2.4, 0.75], "texture": "#1"},
				"west": {"uv": [0, 0, 2.5, 0.75], "texture": "#1"},
				"up": {"uv": [0, 0, 2.5, 2.4], "rotation": 270, "texture": "#1"},
				"down": {"uv": [0, 0, 2.5, 2.4], "rotation": 90, "texture": "#1"}
			}
		},
		{
			"from": [5.45013, 6.85, 2.53466],
			"to": [7.85013, 7.6, 5.03466],
			"rotation": {"angle": 22.5, "axis": "y", "origin": [5.91368, 7.225, 4.86505]},
			"faces": {
				"north": {"uv": [0, 0, 2.4, 0.75], "texture": "#1"},
				"east": {"uv": [0, 0, 2.5, 0.75], "texture": "#1"},
				"south": {"uv": [0, 0, 2.4, 0.75], "texture": "#1"},
				"west": {"uv": [0, 0, 2.5, 0.75], "texture": "#1"},
				"up": {"uv": [0, 0, 2.5, 2.4], "rotation": 270, "texture": "#1"},
				"down": {"uv": [0, 0, 2.5, 2.4], "rotation": 90, "texture": "#1"}
			}
		},
		{
			"from": [11.54373, 6.85, 8.27672],
			"to": [14.04373, 7.6, 10.67672],
			"rotation": {"angle": -22.5, "axis": "y", "origin": [11.71334, 7.225, 8.74026]},
			"faces": {
				"north": {"uv": [0, 0, 2.5, 0.75], "texture": "#1"},
				"east": {"uv": [0, 0, 2.4, 0.75], "texture": "#1"},
				"south": {"uv": [0, 0, 2.5, 0.75], "texture": "#1"},
				"west": {"uv": [0, 0, 2.4, 0.75], "texture": "#1"},
				"up": {"uv": [0, 0, 2.5, 2.4], "texture": "#1"},
				"down": {"uv": [0, 0, 2.5, 2.4], "texture": "#1"}
			}
		},
		{
			"from": [7.37459, 6.85, 4.80471],
			"to": [9.77459, 7.6, 7.30471],
			"rotation": {"angle": -45, "axis": "y", "origin": [11.71334, 7.225, 8.74026]},
			"faces": {
				"north": {"uv": [0, 0, 2.4, 0.75], "texture": "#1"},
				"east": {"uv": [0, 0, 2.5, 0.75], "texture": "#1"},
				"south": {"uv": [0, 0, 2.4, 0.75], "texture": "#1"},
				"west": {"uv": [0, 0, 2.5, 0.75], "texture": "#1"},
				"up": {"uv": [0, 0, 2.5, 2.4], "rotation": 270, "texture": "#1"},
				"down": {"uv": [0, 0, 2.5, 2.4], "rotation": 90, "texture": "#1"}
			}
		},
		{
			"from": [12.10739, 6.85, 5.44301],
			"to": [14.60739, 7.6, 7.84301],
			"rotation": {"angle": 22.5, "axis": "y", "origin": [11.71334, 7.225, 8.74026]},
			"faces": {
				"north": {"uv": [0, 0, 2.5, 0.75], "texture": "#1"},
				"east": {"uv": [0, 0, 2.4, 0.75], "texture": "#1"},
				"south": {"uv": [0, 0, 2.5, 0.75], "texture": "#1"},
				"west": {"uv": [0, 0, 2.4, 0.75], "texture": "#1"},
				"up": {"uv": [0, 0, 2.5, 2.4], "texture": "#1"},
				"down": {"uv": [0, 0, 2.5, 2.4], "texture": "#1"}
			}
		},
		{
			"from": [11.54373, 6.85, 6.80381],
			"to": [14.04373, 7.6, 9.20381],
			"rotation": {"angle": 0, "axis": "y", "origin": [11.71334, 7.225, 8.74026]},
			"faces": {
				"north": {"uv": [0, 0, 2.5, 0.75], "texture": "#1"},
				"east": {"uv": [0, 0, 2.4, 0.75], "texture": "#1"},
				"south": {"uv": [0, 0, 2.5, 0.75], "texture": "#1"},
				"west": {"uv": [0, 0, 2.4, 0.75], "texture": "#1"},
				"up": {"uv": [0, 0, 2.5, 2.4], "texture": "#1"},
				"down": {"uv": [0, 0, 2.5, 2.4], "texture": "#1"}
			}
		},
		{
			"from": [7.37459, 6.85, 10.17582],
			"to": [9.77459, 7.6, 12.67582],
			"rotation": {"angle": 22.5, "axis": "y", "origin": [11.71334, 7.225, 8.74026]},
			"faces": {
				"north": {"uv": [0, 0, 2.4, 0.75], "texture": "#1"},
				"east": {"uv": [0, 0, 2.5, 0.75], "texture": "#1"},
				"south": {"uv": [0, 0, 2.4, 0.75], "texture": "#1"},
				"west": {"uv": [0, 0, 2.5, 0.75], "texture": "#1"},
				"up": {"uv": [0, 0, 2.5, 2.4], "rotation": 90, "texture": "#1"},
				"down": {"uv": [0, 0, 2.5, 2.4], "rotation": 270, "texture": "#1"}
			}
		},
		{
			"from": [12.10739, 6.85, 9.63751],
			"to": [14.60739, 7.6, 12.03751],
			"rotation": {"angle": -45, "axis": "y", "origin": [11.71334, 7.225, 8.74026]},
			"faces": {
				"north": {"uv": [0, 0, 2.5, 0.75], "texture": "#1"},
				"east": {"uv": [0, 0, 2.4, 0.75], "texture": "#1"},
				"south": {"uv": [0, 0, 2.5, 0.75], "texture": "#1"},
				"west": {"uv": [0, 0, 2.4, 0.75], "texture": "#1"},
				"up": {"uv": [0, 0, 2.5, 2.4], "texture": "#1"},
				"down": {"uv": [0, 0, 2.5, 2.4], "texture": "#1"}
			}
		},
		{
			"from": [7.04874, 6.98, 10.82929],
			"to": [8.96874, 7.78, 12.82929],
			"rotation": {"angle": 0, "axis": "y", "origin": [8.00874, 7.38, 11.82929]},
			"faces": {
				"north": {"uv": [0, 0, 2.4, 0.75], "texture": "#0"},
				"east": {"uv": [0, 0, 2.5, 0.75], "texture": "#0"},
				"south": {"uv": [0, 0, 2.4, 0.75], "texture": "#0"},
				"west": {"uv": [0, 0, 2.5, 0.75], "texture": "#0"},
				"up": {"uv": [0, 0, 2.5, 2.4], "rotation": 90, "texture": "#0"},
				"down": {"uv": [0, 0, 2.5, 2.4], "rotation": 270, "texture": "#0"}
			}
		},
		{
			"from": [5.87041, 6.98, 10.04196],
			"to": [7.79041, 7.78, 12.04196],
			"rotation": {"angle": -22.5, "axis": "y", "origin": [5.44048, 7.38, 10.57131]},
			"faces": {
				"north": {"uv": [0, 0, 2.4, 0.75], "texture": "#0"},
				"east": {"uv": [0, 0, 2.5, 0.75], "texture": "#0"},
				"south": {"uv": [0, 0, 2.4, 0.75], "texture": "#0"},
				"west": {"uv": [0, 0, 2.5, 0.75], "texture": "#0"},
				"up": {"uv": [0, 0, 2.5, 2.4], "rotation": 90, "texture": "#0"},
				"down": {"uv": [0, 0, 2.5, 2.4], "rotation": 270, "texture": "#0"}
			}
		},
		{
			"from": [4.48048, 6.98, 9.76548],
			"to": [6.40048, 7.78, 11.76548],
			"rotation": {"angle": -45, "axis": "y", "origin": [5.44048, 7.38, 10.57131]},
			"faces": {
				"north": {"uv": [0, 0, 2.4, 0.75], "texture": "#0"},
				"east": {"uv": [0, 0, 2.5, 0.75], "texture": "#0"},
				"south": {"uv": [0, 0, 2.4, 0.75], "texture": "#0"},
				"west": {"uv": [0, 0, 2.5, 0.75], "texture": "#0"},
				"up": {"uv": [0, 0, 2.5, 2.4], "rotation": 90, "texture": "#0"},
				"down": {"uv": [0, 0, 2.5, 2.4], "rotation": 270, "texture": "#0"}
			}
		},
		{
			"from": [3.96983, 6.98, 8.22138],
			"to": [12.96983, 7.78, 10.14138],
			"rotation": {"angle": 22.5, "axis": "y", "origin": [5.44048, 7.38, 10.57131]},
			"faces": {
				"north": {"uv": [0, 0, 2.5, 0.75], "texture": "#0"},
				"east": {"uv": [0, 0, 2.4, 0.75], "texture": "#0"},
				"south": {"uv": [0, 0, 2.5, 0.75], "texture": "#0"},
				"west": {"uv": [0, 0, 2.4, 0.75], "texture": "#0"},
				"up": {"uv": [0, 0, 2.5, 2.4], "rotation": 180, "texture": "#0"},
				"down": {"uv": [0, 0, 2.5, 2.4], "rotation": 180, "texture": "#0"}
			}
		},
		{
			"from": [3.1825, 6.98, 7.04305],
			"to": [11.1825, 7.78, 8.96305],
			"rotation": {"angle": 0, "axis": "y", "origin": [6.33094, 7.38, 5.49204]},
			"faces": {
				"north": {"uv": [0, 0, 2.5, 0.75], "texture": "#0"},
				"east": {"uv": [0, 0, 2.4, 0.75], "texture": "#0"},
				"south": {"uv": [0, 0, 2.5, 0.75], "texture": "#0"},
				"west": {"uv": [0, 0, 2.4, 0.75], "texture": "#0"},
				"up": {"uv": [0, 0, 2.5, 2.4], "rotation": 180, "texture": "#0"},
				"down": {"uv": [0, 0, 2.5, 2.4], "rotation": 180, "texture": "#0"}
			}
		},
		{
			"from": [4.0157, 6.98, 6.20984],
			"to": [6.0157, 7.78, 8.12984],
			"rotation": {"angle": -22.5, "axis": "y", "origin": [6.33094, 7.38, 5.49204]},
			"faces": {
				"north": {"uv": [0, 0, 2.5, 0.75], "texture": "#0"},
				"east": {"uv": [0, 0, 2.4, 0.75], "texture": "#0"},
				"south": {"uv": [0, 0, 2.5, 0.75], "texture": "#0"},
				"west": {"uv": [0, 0, 2.4, 0.75], "texture": "#0"},
				"up": {"uv": [0, 0, 2.5, 2.4], "rotation": 180, "texture": "#0"},
				"down": {"uv": [0, 0, 2.5, 2.4], "rotation": 180, "texture": "#0"}
			}
		},
		{
			"from": [4.46663, 6.98, 5.12121],
			"to": [13.71663, 7.78, 7.04121],
			"rotation": {"angle": -45, "axis": "y", "origin": [6.33094, 7.38, 5.49204]},
			"faces": {
				"north": {"uv": [0, 0, 2.5, 0.75], "texture": "#0"},
				"east": {"uv": [0, 0, 2.4, 0.75], "texture": "#0"},
				"south": {"uv": [0, 0, 2.5, 0.75], "texture": "#0"},
				"west": {"uv": [0, 0, 2.4, 0.75], "texture": "#0"},
				"up": {"uv": [0, 0, 2.5, 2.4], "rotation": 180, "texture": "#0"},
				"down": {"uv": [0, 0, 2.5, 2.4], "rotation": 180, "texture": "#0"}
			}
		},
		{
			"from": [7.88195, 6.98, 2.34359],
			"to": [9.80195, 7.78, 11.59359],
			"rotation": {"angle": -22.5, "axis": "y", "origin": [6.33094, 7.38, 5.49204]},
			"faces": {
				"north": {"uv": [0, 0, 2.4, 0.75], "texture": "#0"},
				"east": {"uv": [0, 0, 2.5, 0.75], "texture": "#0"},
				"south": {"uv": [0, 0, 2.4, 0.75], "texture": "#0"},
				"west": {"uv": [0, 0, 2.5, 0.75], "texture": "#0"},
				"up": {"uv": [0, 0, 2.5, 2.4], "rotation": 270, "texture": "#0"},
				"down": {"uv": [0, 0, 2.5, 2.4], "rotation": 90, "texture": "#0"}
			}
		},
		{
			"from": [7.04874, 6.98, 3.1768],
			"to": [8.96874, 7.78, 11.6768],
			"rotation": {"angle": 0, "axis": "y", "origin": [6.33094, 7.38, 5.49204]},
			"faces": {
				"north": {"uv": [0, 0, 2.4, 0.75], "texture": "#0"},
				"east": {"uv": [0, 0, 2.5, 0.75], "texture": "#0"},
				"south": {"uv": [0, 0, 2.4, 0.75], "texture": "#0"},
				"west": {"uv": [0, 0, 2.5, 0.75], "texture": "#0"},
				"up": {"uv": [0, 0, 2.5, 2.4], "rotation": 270, "texture": "#0"},
				"down": {"uv": [0, 0, 2.5, 2.4], "rotation": 90, "texture": "#0"}
			}
		},
		{
			"from": [5.96011, 6.98, 3.62773],
			"to": [7.88011, 7.78, 12.37773],
			"rotation": {"angle": 22.5, "axis": "y", "origin": [6.33094, 7.38, 5.49204]},
			"faces": {
				"north": {"uv": [0, 0, 2.4, 0.75], "texture": "#0"},
				"east": {"uv": [0, 0, 2.5, 0.75], "texture": "#0"},
				"south": {"uv": [0, 0, 2.4, 0.75], "texture": "#0"},
				"west": {"uv": [0, 0, 2.5, 0.75], "texture": "#0"},
				"up": {"uv": [0, 0, 2.5, 2.4], "rotation": 270, "texture": "#0"},
				"down": {"uv": [0, 0, 2.5, 2.4], "rotation": 90, "texture": "#0"}
			}
		},
		{
			"from": [3.33499, 6.98, 8.22138],
			"to": [12.83499, 7.78, 10.14138],
			"rotation": {"angle": -22.5, "axis": "y", "origin": [10.97067, 7.38, 8.59221]},
			"faces": {
				"north": {"uv": [0, 0, 2.5, 0.75], "texture": "#0"},
				"east": {"uv": [0, 0, 2.4, 0.75], "texture": "#0"},
				"south": {"uv": [0, 0, 2.5, 0.75], "texture": "#0"},
				"west": {"uv": [0, 0, 2.4, 0.75], "texture": "#0"},
				"up": {"uv": [0, 0, 2.5, 2.4], "texture": "#0"},
				"down": {"uv": [0, 0, 2.5, 2.4], "texture": "#0"}
			}
		},
		{
			"from": [7.49967, 6.98, 5.44376],
			"to": [9.41967, 7.78, 14.69376],
			"rotation": {"angle": -45, "axis": "y", "origin": [10.97067, 7.38, 8.59221]},
			"faces": {
				"north": {"uv": [0, 0, 2.4, 0.75], "texture": "#0"},
				"east": {"uv": [0, 0, 2.5, 0.75], "texture": "#0"},
				"south": {"uv": [0, 0, 2.4, 0.75], "texture": "#0"},
				"west": {"uv": [0, 0, 2.5, 0.75], "texture": "#0"},
				"up": {"uv": [0, 0, 2.5, 2.4], "rotation": 270, "texture": "#0"},
				"down": {"uv": [0, 0, 2.5, 2.4], "rotation": 90, "texture": "#0"}
			}
		},
		{
			"from": [11.28592, 6.98, 5.95441],
			"to": [13.28592, 7.78, 7.87441],
			"rotation": {"angle": 22.5, "axis": "y", "origin": [10.97067, 7.38, 8.59221]},
			"faces": {
				"north": {"uv": [0, 0, 2.5, 0.75], "texture": "#0"},
				"east": {"uv": [0, 0, 2.4, 0.75], "texture": "#0"},
				"south": {"uv": [0, 0, 2.5, 0.75], "texture": "#0"},
				"west": {"uv": [0, 0, 2.4, 0.75], "texture": "#0"},
				"up": {"uv": [0, 0, 2.5, 2.4], "texture": "#0"},
				"down": {"uv": [0, 0, 2.5, 2.4], "texture": "#0"}
			}
		},
		{
			"from": [10.83499, 6.98, 7.04305],
			"to": [12.83499, 7.78, 8.96305],
			"rotation": {"angle": 0, "axis": "y", "origin": [10.97067, 7.38, 8.59221]},
			"faces": {
				"north": {"uv": [0, 0, 2.5, 0.75], "texture": "#0"},
				"east": {"uv": [0, 0, 2.4, 0.75], "texture": "#0"},
				"south": {"uv": [0, 0, 2.5, 0.75], "texture": "#0"},
				"west": {"uv": [0, 0, 2.4, 0.75], "texture": "#0"},
				"up": {"uv": [0, 0, 2.5, 2.4], "texture": "#0"},
				"down": {"uv": [0, 0, 2.5, 2.4], "texture": "#0"}
			}
		},
		{
			"from": [7.49967, 6.98, 9.74066],
			"to": [9.41967, 7.78, 11.74066],
			"rotation": {"angle": 22.5, "axis": "y", "origin": [10.97067, 7.38, 8.59221]},
			"faces": {
				"north": {"uv": [0, 0, 2.4, 0.75], "texture": "#0"},
				"east": {"uv": [0, 0, 2.5, 0.75], "texture": "#0"},
				"south": {"uv": [0, 0, 2.4, 0.75], "texture": "#0"},
				"west": {"uv": [0, 0, 2.5, 0.75], "texture": "#0"},
				"up": {"uv": [0, 0, 2.5, 2.4], "rotation": 90, "texture": "#0"},
				"down": {"uv": [0, 0, 2.5, 2.4], "rotation": 270, "texture": "#0"}
			}
		},
		{
			"from": [11.28592, 6.98, 9.31001],
			"to": [13.28592, 7.78, 11.23001],
			"rotation": {"angle": -45, "axis": "y", "origin": [10.97067, 7.38, 8.59221]},
			"faces": {
				"north": {"uv": [0, 0, 2.5, 0.75], "texture": "#0"},
				"east": {"uv": [0, 0, 2.4, 0.75], "texture": "#0"},
				"south": {"uv": [0, 0, 2.5, 0.75], "texture": "#0"},
				"west": {"uv": [0, 0, 2.4, 0.75], "texture": "#0"},
				"up": {"uv": [0, 0, 2.5, 2.4], "texture": "#0"},
				"down": {"uv": [0, 0, 2.5, 2.4], "texture": "#0"}
			}
		},
		{
			"from": [1.40788, 14.85, 2.28586],
			"to": [2.30788, 19.85, 3.58586],
			"rotation": {"angle": 0, "axis": "x", "origin": [1.85788, 13.35, 3.43586]},
			"faces": {
				"north": {"uv": [0.9, 0, 0, 5], "texture": "#1"},
				"east": {"uv": [1.3, 0, 0, 5], "texture": "#1"},
				"south": {"uv": [0.9, 0, 0, 5], "texture": "#1"},
				"west": {"uv": [1.3, 0, 0, 5], "texture": "#1"},
				"up": {"uv": [0, 1.3, 0.9, 0], "rotation": 180, "texture": "#1"},
				"down": {"uv": [0, 1.3, 0.9, 0], "rotation": 180, "texture": "#1"}
			}
		},
		{
			"from": [1.40788, 6.85, 2.91414],
			"to": [2.30788, 19.15, 13.21414],
			"rotation": {"angle": 0, "axis": "y", "origin": [4.8006, 7.225, 11.21414]},
			"faces": {
				"north": {"uv": [0, 0, 0.9, 12.3], "texture": "#1"},
				"east": {"uv": [0, 0, 10.3, 12.3], "texture": "#1"},
				"south": {"uv": [0, 0, 0.9, 12.3], "texture": "#1"},
				"west": {"uv": [0, 0, 10.3, 12.3], "texture": "#1"},
				"up": {"uv": [0, 0, 0.9, 10.3], "rotation": 180, "texture": "#1"},
				"down": {"uv": [0, 0, 0.9, 10.3], "rotation": 180, "texture": "#1"}
			}
		},
		{
			"from": [1.40788, 7.85, 10.91414],
			"to": [2.30788, 20.55, 13.31414],
			"rotation": {"angle": 0, "axis": "x", "origin": [1.85788, 13.35, 12.56414]},
			"faces": {
				"north": {"uv": [0, 0, 0.9, 12.7], "texture": "#1"},
				"east": {"uv": [0, 0, 2.4, 12.7], "texture": "#1"},
				"south": {"uv": [0, 0, 0.9, 12.7], "texture": "#1"},
				"west": {"uv": [0, 0, 2.4, 12.7], "texture": "#1"},
				"up": {"uv": [0, 0, 0.9, 2.4], "rotation": 180, "texture": "#1"},
				"down": {"uv": [0, 0, 0.9, 2.4], "rotation": 180, "texture": "#1"}
			}
		},
		{
			"from": [1.40788, 8.85, 12.11414],
			"to": [2.30788, 19.85, 13.41414],
			"rotation": {"angle": 0, "axis": "x", "origin": [1.85788, 13.35, 12.56414]},
			"faces": {
				"north": {"uv": [0, 0, 0.9, 11], "texture": "#1"},
				"east": {"uv": [0, 0, 1.3, 11], "texture": "#1"},
				"south": {"uv": [0, 0, 0.9, 11], "texture": "#1"},
				"west": {"uv": [0, 0, 1.3, 11], "texture": "#1"},
				"up": {"uv": [0, 0, 0.9, 1.3], "rotation": 180, "texture": "#1"},
				"down": {"uv": [0, 0, 0.9, 1.3], "rotation": 180, "texture": "#1"}
			}
		},
		{
			"from": [1.40788, 10.85, 12.21414],
			"to": [2.30788, 19.85, 13.51414],
			"rotation": {"angle": 0, "axis": "x", "origin": [1.85788, 13.35, 12.56414]},
			"faces": {
				"north": {"uv": [0, 0, 0.9, 9], "texture": "#1"},
				"east": {"uv": [0, 0, 1.3, 9], "texture": "#1"},
				"south": {"uv": [0, 0, 0.9, 9], "texture": "#1"},
				"west": {"uv": [0, 0, 1.3, 9], "texture": "#1"},
				"up": {"uv": [0, 0, 0.9, 1.3], "rotation": 180, "texture": "#1"},
				"down": {"uv": [0, 0, 0.9, 1.3], "rotation": 180, "texture": "#1"}
			}
		},
		{
			"from": [1.40788, 13.85, 12.31414],
			"to": [2.30788, 19.85, 13.61414],
			"rotation": {"angle": 0, "axis": "x", "origin": [1.85788, 13.35, 12.56414]},
			"faces": {
				"north": {"uv": [0, 0, 0.9, 6], "texture": "#1"},
				"east": {"uv": [0, 0, 1.3, 6], "texture": "#1"},
				"south": {"uv": [0, 0, 0.9, 6], "texture": "#1"},
				"west": {"uv": [0, 0, 1.3, 6], "texture": "#1"},
				"up": {"uv": [0, 0, 0.9, 1.3], "rotation": 180, "texture": "#1"},
				"down": {"uv": [0, 0, 0.9, 1.3], "rotation": 180, "texture": "#1"}
			}
		},
		{
			"from": [1.40788, 14.85, 12.41414],
			"to": [2.30788, 19.85, 13.71414],
			"rotation": {"angle": 0, "axis": "x", "origin": [1.85788, 13.35, 12.56414]},
			"faces": {
				"north": {"uv": [0, 0, 0.9, 5], "texture": "#1"},
				"east": {"uv": [0, 0, 1.3, 5], "texture": "#1"},
				"south": {"uv": [0, 0, 0.9, 5], "texture": "#1"},
				"west": {"uv": [0, 0, 1.3, 5], "texture": "#1"},
				"up": {"uv": [0, 0, 0.9, 1.3], "rotation": 180, "texture": "#1"},
				"down": {"uv": [0, 0, 0.9, 1.3], "rotation": 180, "texture": "#1"}
			}
		},
		{
			"from": [1.40788, 7.85, 2.68586],
			"to": [2.30788, 20.45, 4.98586],
			"rotation": {"angle": 0, "axis": "x", "origin": [1.85788, 13.35, 3.43586]},
			"faces": {
				"north": {"uv": [0.9, 0, 1.8, 12.6], "texture": "#1"},
				"east": {"uv": [1.3, 0, 3.6, 12.6], "texture": "#1"},
				"south": {"uv": [0.9, 0, 1.8, 12.6], "texture": "#1"},
				"west": {"uv": [1.3, 0, 3.6, 12.6], "texture": "#1"},
				"up": {"uv": [0, 1.3, 0.9, 3.6], "rotation": 180, "texture": "#1"},
				"down": {"uv": [0, 1.3, 0.9, 3.6], "rotation": 180, "texture": "#1"}
			}
		},
		{
			"from": [1.40788, 8.85, 2.58586],
			"to": [2.30788, 19.85, 3.88586],
			"rotation": {"angle": 0, "axis": "x", "origin": [1.85788, 13.35, 3.43586]},
			"faces": {
				"north": {"uv": [0.9, 0, 0, 11], "texture": "#1"},
				"east": {"uv": [1.3, 0, 0, 11], "texture": "#1"},
				"south": {"uv": [0.9, 0, 0, 11], "texture": "#1"},
				"west": {"uv": [1.3, 0, 0, 11], "texture": "#1"},
				"up": {"uv": [0, 1.3, 0.9, 0], "rotation": 180, "texture": "#1"},
				"down": {"uv": [0, 1.3, 0.9, 0], "rotation": 180, "texture": "#1"}
			}
		},
		{
			"from": [1.40788, 10.85, 2.48586],
			"to": [2.30788, 19.85, 3.78586],
			"rotation": {"angle": 0, "axis": "x", "origin": [1.85788, 13.35, 3.43586]},
			"faces": {
				"north": {"uv": [0.9, 0, 0, 9], "texture": "#1"},
				"east": {"uv": [1.3, 0, 0, 9], "texture": "#1"},
				"south": {"uv": [0.9, 0, 0, 9], "texture": "#1"},
				"west": {"uv": [1.3, 0, 0, 9], "texture": "#1"},
				"up": {"uv": [0, 1.3, 0.9, 0], "rotation": 180, "texture": "#1"},
				"down": {"uv": [0, 1.3, 0.9, 0], "rotation": 180, "texture": "#1"}
			}
		},
		{
			"from": [1.40788, 13.85, 2.38586],
			"to": [2.30788, 19.85, 3.68586],
			"rotation": {"angle": 0, "axis": "x", "origin": [1.85788, 13.35, 3.43586]},
			"faces": {
				"north": {"uv": [0.9, 0, 0, 6], "texture": "#1"},
				"east": {"uv": [1.3, 0, 0, 6], "texture": "#1"},
				"south": {"uv": [0.9, 0, 0, 6], "texture": "#1"},
				"west": {"uv": [1.3, 0, 0, 6], "texture": "#1"},
				"up": {"uv": [0, 1.3, 0.9, 0], "rotation": 180, "texture": "#1"},
				"down": {"uv": [0, 1.3, 0.9, 0], "rotation": 180, "texture": "#1"}
			}
		},
		{
			"from": [1.40788, 20.04065, 12.34522],
			"to": [2.30788, 20.74065, 13.34522],
			"rotation": {"angle": -45, "axis": "x", "origin": [1.85788, 20.39065, 12.84522]},
			"faces": {
				"north": {"uv": [0.9, 1.3, 0, 2], "rotation": 180, "texture": "#1"},
				"east": {"uv": [1.3, 1, 2, 0], "rotation": 90, "texture": "#1"},
				"south": {"uv": [0.9, 1.3, 0, 2], "texture": "#1"},
				"west": {"uv": [1.3, 1, 2, 0], "rotation": 270, "texture": "#1"},
				"up": {"uv": [0.9, 1, 1.8, 0], "texture": "#1"},
				"down": {"uv": [0.9, 1, 1.8, 0], "rotation": 180, "texture": "#1"}
			}
		},
		{
			"from": [1.40788, 20.16369, 12.08659],
			"to": [2.30788, 21.16369, 12.78659],
			"rotation": {"angle": 22.5, "axis": "x", "origin": [1.85788, 20.66369, 12.43659]},
			"faces": {
				"north": {"uv": [1.8, 0, 0.9, 1], "texture": "#1"},
				"east": {"uv": [2, 0, 1.3, 1], "texture": "#1"},
				"south": {"uv": [1.8, 0, 0.9, 1], "texture": "#1"},
				"west": {"uv": [2, 0, 1.3, 1], "texture": "#1"},
				"up": {"uv": [0, 2, 0.9, 1.3], "rotation": 180, "texture": "#1"},
				"down": {"uv": [0, 2, 0.9, 1.3], "rotation": 180, "texture": "#1"}
			}
		},
		{
			"from": [1.40788, 19.63202, 12.61826],
			"to": [2.30788, 20.33202, 13.61826],
			"rotation": {"angle": -22.5, "axis": "x", "origin": [1.85788, 19.98202, 13.11826]},
			"faces": {
				"north": {"uv": [0.9, 1.3, 0, 2], "rotation": 180, "texture": "#1"},
				"east": {"uv": [1.3, 1, 2, 0], "rotation": 90, "texture": "#1"},
				"south": {"uv": [0.9, 1.3, 0, 2], "texture": "#1"},
				"west": {"uv": [1.3, 1, 2, 0], "rotation": 270, "texture": "#1"},
				"up": {"uv": [0.9, 1, 1.8, 0], "texture": "#1"},
				"down": {"uv": [0.9, 1, 1.8, 0], "rotation": 180, "texture": "#1"}
			}
		},
		{
			"from": [1.40788, 20.16856, 11.14701],
			"to": [2.30788, 21.16856, 11.84701],
			"rotation": {"angle": -22.5, "axis": "x", "origin": [1.85788, 20.60464, 11.49701]},
			"faces": {
				"north": {"uv": [1.8, 0, 0.9, 1], "texture": "#1"},
				"east": {"uv": [2, 0, 1.3, 1], "texture": "#1"},
				"south": {"uv": [1.8, 0, 0.9, 1], "texture": "#1"},
				"west": {"uv": [2, 0, 1.3, 1], "texture": "#1"},
				"up": {"uv": [0, 2, 0.9, 1.3], "rotation": 180, "texture": "#1"},
				"down": {"uv": [0, 2, 0.9, 1.3], "rotation": 180, "texture": "#1"}
			}
		},
		{
			"from": [1.40788, 20.25957, 10.68946],
			"to": [2.30788, 21.25957, 11.38946],
			"rotation": {"angle": -45, "axis": "x", "origin": [1.85788, 20.60464, 11.49701]},
			"faces": {
				"north": {"uv": [1.8, 0, 0.9, 1], "texture": "#1"},
				"east": {"uv": [2, 0, 1.3, 1], "texture": "#1"},
				"south": {"uv": [1.8, 0, 0.9, 1], "texture": "#1"},
				"west": {"uv": [2, 0, 1.3, 1], "texture": "#1"},
				"up": {"uv": [0, 2, 0.9, 1.3], "rotation": 180, "texture": "#1"},
				"down": {"uv": [0, 2, 0.9, 1.3], "rotation": 180, "texture": "#1"}
			}
		},
		{
			"from": [1.40788, 20.25957, 11.60457],
			"to": [2.30788, 21.25957, 12.30457],
			"rotation": {"angle": 0, "axis": "x", "origin": [1.85788, 20.60464, 11.49701]},
			"faces": {
				"north": {"uv": [1.8, 0, 0.9, 1], "texture": "#1"},
				"east": {"uv": [2, 0, 1.3, 1], "texture": "#1"},
				"south": {"uv": [1.8, 0, 0.9, 1], "texture": "#1"},
				"west": {"uv": [2, 0, 1.3, 1], "texture": "#1"},
				"up": {"uv": [0, 2, 0.9, 1.3], "rotation": 180, "texture": "#1"},
				"down": {"uv": [0, 2, 0.9, 1.3], "rotation": 180, "texture": "#1"}
			}
		},
		{
			"from": [1.40788, 19.60756, 10.10399],
			"to": [2.30788, 20.30756, 11.10399],
			"rotation": {"angle": 22.5, "axis": "x", "origin": [1.85788, 19.5, 10.75892]},
			"faces": {
				"north": {"uv": [0.9, 1.3, 0, 2], "rotation": 180, "texture": "#1"},
				"east": {"uv": [1.3, 1, 2, 0], "rotation": 270, "texture": "#1"},
				"south": {"uv": [0.9, 1.3, 0, 2], "texture": "#1"},
				"west": {"uv": [1.3, 1, 2, 0], "rotation": 90, "texture": "#1"},
				"up": {"uv": [0.9, 1, 1.8, 0], "rotation": 180, "texture": "#1"},
				"down": {"uv": [0.9, 1, 1.8, 0], "texture": "#1"}
			}
		},
		{
			"from": [1.40788, 18.69244, 10.10399],
			"to": [2.30788, 19.39244, 11.10399],
			"rotation": {"angle": -22.5, "axis": "x", "origin": [1.85788, 19.5, 10.75892]},
			"faces": {
				"north": {"uv": [0.9, 1.3, 0, 2], "rotation": 180, "texture": "#1"},
				"east": {"uv": [1.3, 1, 2, 0], "rotation": 270, "texture": "#1"},
				"south": {"uv": [0.9, 1.3, 0, 2], "texture": "#1"},
				"west": {"uv": [1.3, 1, 2, 0], "rotation": 90, "texture": "#1"},
				"up": {"uv": [0.9, 1, 1.8, 0], "rotation": 180, "texture": "#1"},
				"down": {"uv": [0.9, 1, 1.8, 0], "texture": "#1"}
			}
		},
		{
			"from": [1.40788, 19.15, 10.195],
			"to": [2.30788, 19.85, 11.195],
			"rotation": {"angle": 0, "axis": "x", "origin": [1.85788, 19.5, 10.75892]},
			"faces": {
				"north": {"uv": [0.9, 1.3, 0, 2], "rotation": 180, "texture": "#1"},
				"east": {"uv": [1.3, 1, 2, 0], "rotation": 270, "texture": "#1"},
				"south": {"uv": [0.9, 1.3, 0, 2], "texture": "#1"},
				"west": {"uv": [1.3, 1, 2, 0], "rotation": 90, "texture": "#1"},
				"up": {"uv": [0.9, 1, 1.8, 0], "rotation": 180, "texture": "#1"},
				"down": {"uv": [0.9, 1, 1.8, 0], "texture": "#1"}
			}
		},
		{
			"from": [1.40788, 20.04065, 2.65478],
			"to": [2.30788, 20.74065, 3.65478],
			"rotation": {"angle": 45, "axis": "x", "origin": [1.85788, 20.39065, 3.15478]},
			"faces": {
				"north": {"uv": [0, 1.3, 0.9, 2], "texture": "#1"},
				"east": {"uv": [1.3, 0, 2, 1], "rotation": 90, "texture": "#1"},
				"south": {"uv": [0, 1.3, 0.9, 2], "rotation": 180, "texture": "#1"},
				"west": {"uv": [1.3, 0, 2, 1], "rotation": 270, "texture": "#1"},
				"up": {"uv": [0.9, 0, 1.8, 1], "texture": "#1"},
				"down": {"uv": [0.9, 0, 1.8, 1], "rotation": 180, "texture": "#1"}
			}
		},
		{
			"from": [1.40788, 20.16369, 3.21341],
			"to": [2.30788, 21.16369, 3.91341],
			"rotation": {"angle": -22.5, "axis": "x", "origin": [1.85788, 20.66369, 3.56341]},
			"faces": {
				"north": {"uv": [0.9, 0, 1.8, 1], "texture": "#1"},
				"east": {"uv": [1.3, 0, 2, 1], "texture": "#1"},
				"south": {"uv": [0.9, 0, 1.8, 1], "texture": "#1"},
				"west": {"uv": [1.3, 0, 2, 1], "texture": "#1"},
				"up": {"uv": [0, 1.3, 0.9, 2], "rotation": 180, "texture": "#1"},
				"down": {"uv": [0, 1.3, 0.9, 2], "rotation": 180, "texture": "#1"}
			}
		},
		{
			"from": [1.40788, 19.63202, 2.38174],
			"to": [2.30788, 20.33202, 3.38174],
			"rotation": {"angle": 22.5, "axis": "x", "origin": [1.85788, 19.98202, 2.88174]},
			"faces": {
				"north": {"uv": [0, 1.3, 0.9, 2], "texture": "#1"},
				"east": {"uv": [1.3, 0, 2, 1], "rotation": 90, "texture": "#1"},
				"south": {"uv": [0, 1.3, 0.9, 2], "rotation": 180, "texture": "#1"},
				"west": {"uv": [1.3, 0, 2, 1], "rotation": 270, "texture": "#1"},
				"up": {"uv": [0.9, 0, 1.8, 1], "texture": "#1"},
				"down": {"uv": [0.9, 0, 1.8, 1], "rotation": 180, "texture": "#1"}
			}
		},
		{
			"from": [1.40788, 20.16856, 4.15299],
			"to": [2.30788, 21.16856, 4.85299],
			"rotation": {"angle": 22.5, "axis": "x", "origin": [1.85788, 20.60464, 4.50299]},
			"faces": {
				"north": {"uv": [0.9, 0, 1.8, 1], "texture": "#1"},
				"east": {"uv": [1.3, 0, 2, 1], "texture": "#1"},
				"south": {"uv": [0.9, 0, 1.8, 1], "texture": "#1"},
				"west": {"uv": [1.3, 0, 2, 1], "texture": "#1"},
				"up": {"uv": [0, 1.3, 0.9, 2], "rotation": 180, "texture": "#1"},
				"down": {"uv": [0, 1.3, 0.9, 2], "rotation": 180, "texture": "#1"}
			}
		},
		{
			"from": [1.40788, 20.25957, 4.61054],
			"to": [2.30788, 21.25957, 5.31054],
			"rotation": {"angle": 45, "axis": "x", "origin": [1.85788, 20.60464, 4.50299]},
			"faces": {
				"north": {"uv": [0.9, 0, 1.8, 1], "texture": "#1"},
				"east": {"uv": [1.3, 0, 2, 1], "texture": "#1"},
				"south": {"uv": [0.9, 0, 1.8, 1], "texture": "#1"},
				"west": {"uv": [1.3, 0, 2, 1], "texture": "#1"},
				"up": {"uv": [0, 1.3, 0.9, 2], "rotation": 180, "texture": "#1"},
				"down": {"uv": [0, 1.3, 0.9, 2], "rotation": 180, "texture": "#1"}
			}
		},
		{
			"from": [1.40788, 20.25957, 3.69543],
			"to": [2.30788, 21.25957, 4.39543],
			"rotation": {"angle": 0, "axis": "x", "origin": [1.85788, 20.60464, 4.50299]},
			"faces": {
				"north": {"uv": [0.9, 0, 1.8, 1], "texture": "#1"},
				"east": {"uv": [1.3, 0, 2, 1], "texture": "#1"},
				"south": {"uv": [0.9, 0, 1.8, 1], "texture": "#1"},
				"west": {"uv": [1.3, 0, 2, 1], "texture": "#1"},
				"up": {"uv": [0, 1.3, 0.9, 2], "rotation": 180, "texture": "#1"},
				"down": {"uv": [0, 1.3, 0.9, 2], "rotation": 180, "texture": "#1"}
			}
		},
		{
			"from": [1.40788, 19.60756, 4.89601],
			"to": [2.30788, 20.30756, 5.89601],
			"rotation": {"angle": -22.5, "axis": "x", "origin": [1.85788, 19.5, 5.24108]},
			"faces": {
				"north": {"uv": [0, 1.3, 0.9, 2], "texture": "#1"},
				"east": {"uv": [1.3, 0, 2, 1], "rotation": 270, "texture": "#1"},
				"south": {"uv": [0, 1.3, 0.9, 2], "rotation": 180, "texture": "#1"},
				"west": {"uv": [1.3, 0, 2, 1], "rotation": 90, "texture": "#1"},
				"up": {"uv": [0.9, 0, 1.8, 1], "rotation": 180, "texture": "#1"},
				"down": {"uv": [0.9, 0, 1.8, 1], "texture": "#1"}
			}
		},
		{
			"from": [1.40788, 18.69244, 4.89601],
			"to": [2.30788, 19.39244, 5.89601],
			"rotation": {"angle": 22.5, "axis": "x", "origin": [1.85788, 19.5, 5.24108]},
			"faces": {
				"north": {"uv": [0, 1.3, 0.9, 2], "texture": "#1"},
				"east": {"uv": [1.3, 0, 2, 1], "rotation": 270, "texture": "#1"},
				"south": {"uv": [0, 1.3, 0.9, 2], "rotation": 180, "texture": "#1"},
				"west": {"uv": [1.3, 0, 2, 1], "rotation": 90, "texture": "#1"},
				"up": {"uv": [0.9, 0, 1.8, 1], "rotation": 180, "texture": "#1"},
				"down": {"uv": [0.9, 0, 1.8, 1], "texture": "#1"}
			}
		},
		{
			"from": [1.40788, 19.15, 4.805],
			"to": [2.30788, 19.85, 5.805],
			"rotation": {"angle": 0, "axis": "x", "origin": [1.85788, 19.5, 5.24108]},
			"faces": {
				"north": {"uv": [0, 1.3, 0.9, 2], "texture": "#1"},
				"east": {"uv": [1.3, 0, 2, 1], "rotation": 270, "texture": "#1"},
				"south": {"uv": [0, 1.3, 0.9, 2], "rotation": 180, "texture": "#1"},
				"west": {"uv": [1.3, 0, 2, 1], "rotation": 90, "texture": "#1"},
				"up": {"uv": [0.9, 0, 1.8, 1], "rotation": 180, "texture": "#1"},
				"down": {"uv": [0.9, 0, 1.8, 1], "texture": "#1"}
			}
		},
		{
			"from": [2.32643, 18.8084, 11.81647],
			"to": [2.47043, 19.1684, 12.16207],
			"rotation": {"angle": 0, "axis": "y", "origin": [2.39843, 18.9884, 11.98927]},
			"faces": {
				"north": {"uv": [2.5, 0, 0, 0.75], "rotation": 90, "texture": "#2"},
				"east": {"uv": [0, 2.4, 2.5, 0], "rotation": 90, "texture": "#2"},
				"south": {"uv": [2.5, 0, 0, 0.75], "rotation": 270, "texture": "#2"},
				"west": {"uv": [0, 2.4, 2.5, 0], "rotation": 90, "texture": "#2"},
				"up": {"uv": [2.4, 0, 0, 0.75], "rotation": 270, "texture": "#2"},
				"down": {"uv": [2.4, 0, 0, 0.75], "rotation": 270, "texture": "#2"}
			}
		},
		{
			"from": [2.32643, 18.95012, 12.02857],
			"to": [2.47043, 19.31012, 12.37417],
			"rotation": {"angle": -22.5, "axis": "x", "origin": [2.39843, 19.21484, 12.45156]},
			"faces": {
				"north": {"uv": [2.5, 0, 0, 0.75], "rotation": 90, "texture": "#2"},
				"east": {"uv": [0, 2.4, 2.5, 0], "rotation": 90, "texture": "#2"},
				"south": {"uv": [2.5, 0, 0, 0.75], "rotation": 270, "texture": "#2"},
				"west": {"uv": [0, 2.4, 2.5, 0], "rotation": 90, "texture": "#2"},
				"up": {"uv": [2.4, 0, 0, 0.75], "rotation": 270, "texture": "#2"},
				"down": {"uv": [2.4, 0, 0, 0.75], "rotation": 270, "texture": "#2"}
			}
		},
		{
			"from": [2.32643, 18.99989, 12.27876],
			"to": [2.47043, 19.35989, 12.62436],
			"rotation": {"angle": -45, "axis": "x", "origin": [2.39843, 19.21484, 12.45156]},
			"faces": {
				"north": {"uv": [2.5, 0, 0, 0.75], "rotation": 90, "texture": "#2"},
				"east": {"uv": [0, 2.4, 2.5, 0], "rotation": 90, "texture": "#2"},
				"south": {"uv": [2.5, 0, 0, 0.75], "rotation": 270, "texture": "#2"},
				"west": {"uv": [0, 2.4, 2.5, 0], "rotation": 90, "texture": "#2"},
				"up": {"uv": [2.4, 0, 0, 0.75], "rotation": 270, "texture": "#2"},
				"down": {"uv": [2.4, 0, 0, 0.75], "rotation": 270, "texture": "#2"}
			}
		},
		{
			"from": [2.32643, 19.29222, 11.09628],
			"to": [2.47043, 19.63782, 12.71628],
			"rotation": {"angle": 22.5, "axis": "x", "origin": [2.39843, 19.21484, 12.45156]},
			"faces": {
				"north": {"uv": [2.4, 0, 0, 0.75], "rotation": 90, "texture": "#2"},
				"east": {"uv": [2.5, 0, 0, 2.4], "texture": "#2"},
				"south": {"uv": [2.4, 0, 0, 0.75], "rotation": 270, "texture": "#2"},
				"west": {"uv": [2.5, 0, 0, 2.4], "rotation": 180, "texture": "#2"},
				"up": {"uv": [2.5, 0, 0, 0.75], "rotation": 270, "texture": "#2"},
				"down": {"uv": [2.5, 0, 0, 0.75], "rotation": 270, "texture": "#2"}
			}
		},
		{
			"from": [2.32643, 19.50432, 11.418],
			"to": [2.47043, 19.84992, 12.858],
			"rotation": {"angle": 0, "axis": "y", "origin": [2.39843, 20.12911, 12.29128]},
			"faces": {
				"north": {"uv": [2.4, 0, 0, 0.75], "rotation": 90, "texture": "#2"},
				"east": {"uv": [2.5, 0, 0, 2.4], "texture": "#2"},
				"south": {"uv": [2.4, 0, 0, 0.75], "rotation": 270, "texture": "#2"},
				"west": {"uv": [2.5, 0, 0, 2.4], "rotation": 180, "texture": "#2"},
				"up": {"uv": [2.5, 0, 0, 0.75], "rotation": 270, "texture": "#2"},
				"down": {"uv": [2.5, 0, 0, 0.75], "rotation": 270, "texture": "#2"}
			}
		},
		{
			"from": [2.32643, 19.6543, 12.34802],
			"to": [2.47043, 19.9999, 12.70802],
			"rotation": {"angle": -22.5, "axis": "x", "origin": [2.39843, 20.12911, 12.29128]},
			"faces": {
				"north": {"uv": [2.4, 0, 0, 0.75], "rotation": 90, "texture": "#2"},
				"east": {"uv": [2.5, 0, 0, 2.4], "texture": "#2"},
				"south": {"uv": [2.4, 0, 0, 0.75], "rotation": 270, "texture": "#2"},
				"west": {"uv": [2.5, 0, 0, 2.4], "rotation": 180, "texture": "#2"},
				"up": {"uv": [2.5, 0, 0, 0.75], "rotation": 270, "texture": "#2"},
				"down": {"uv": [2.5, 0, 0, 0.75], "rotation": 270, "texture": "#2"}
			}
		},
		{
			"from": [2.32643, 19.85026, 10.96185],
			"to": [2.47043, 20.19586, 12.62685],
			"rotation": {"angle": -45, "axis": "x", "origin": [2.39843, 20.12911, 12.29128]},
			"faces": {
				"north": {"uv": [2.4, 0, 0, 0.75], "rotation": 90, "texture": "#2"},
				"east": {"uv": [2.5, 0, 0, 2.4], "texture": "#2"},
				"south": {"uv": [2.4, 0, 0, 0.75], "rotation": 270, "texture": "#2"},
				"west": {"uv": [2.5, 0, 0, 2.4], "rotation": 180, "texture": "#2"},
				"up": {"uv": [2.5, 0, 0, 0.75], "rotation": 270, "texture": "#2"},
				"down": {"uv": [2.5, 0, 0, 0.75], "rotation": 270, "texture": "#2"}
			}
		},
		{
			"from": [2.32643, 19.03083, 11.6665],
			"to": [2.47043, 20.69583, 12.0121],
			"rotation": {"angle": -22.5, "axis": "x", "origin": [2.39843, 20.12911, 12.29128]},
			"faces": {
				"north": {"uv": [2.5, 0, 0, 0.75], "rotation": 90, "texture": "#2"},
				"east": {"uv": [0, 2.4, 2.5, 0], "rotation": 270, "texture": "#2"},
				"south": {"uv": [2.5, 0, 0, 0.75], "rotation": 270, "texture": "#2"},
				"west": {"uv": [0, 2.4, 2.5, 0], "rotation": 270, "texture": "#2"},
				"up": {"uv": [2.4, 0, 0, 0.75], "rotation": 270, "texture": "#2"},
				"down": {"uv": [2.4, 0, 0, 0.75], "rotation": 270, "texture": "#2"}
			}
		},
		{
			"from": [2.32643, 19.01585, 11.81647],
			"to": [2.47043, 20.54585, 12.16207],
			"rotation": {"angle": 0, "axis": "y", "origin": [2.39843, 20.12911, 12.29128]},
			"faces": {
				"north": {"uv": [2.5, 0, 0, 0.75], "rotation": 90, "texture": "#2"},
				"east": {"uv": [0, 2.4, 2.5, 0], "rotation": 270, "texture": "#2"},
				"south": {"uv": [2.5, 0, 0, 0.75], "rotation": 270, "texture": "#2"},
				"west": {"uv": [0, 2.4, 2.5, 0], "rotation": 270, "texture": "#2"},
				"up": {"uv": [2.4, 0, 0, 0.75], "rotation": 270, "texture": "#2"},
				"down": {"uv": [2.4, 0, 0, 0.75], "rotation": 270, "texture": "#2"}
			}
		},
		{
			"from": [2.32643, 18.88968, 12.01243],
			"to": [2.47043, 20.46468, 12.35803],
			"rotation": {"angle": 22.5, "axis": "x", "origin": [2.39843, 20.12911, 12.29128]},
			"faces": {
				"north": {"uv": [2.5, 0, 0, 0.75], "rotation": 90, "texture": "#2"},
				"east": {"uv": [0, 2.4, 2.5, 0], "rotation": 270, "texture": "#2"},
				"south": {"uv": [2.5, 0, 0, 0.75], "rotation": 270, "texture": "#2"},
				"west": {"uv": [0, 2.4, 2.5, 0], "rotation": 270, "texture": "#2"},
				"up": {"uv": [2.4, 0, 0, 0.75], "rotation": 270, "texture": "#2"},
				"down": {"uv": [2.4, 0, 0, 0.75], "rotation": 270, "texture": "#2"}
			}
		},
		{
			"from": [2.32643, 19.29222, 11.12055],
			"to": [2.47043, 19.63782, 12.83055],
			"rotation": {"angle": -22.5, "axis": "x", "origin": [2.39843, 19.57107, 11.45612]},
			"faces": {
				"north": {"uv": [2.4, 0, 0, 0.75], "rotation": 90, "texture": "#2"},
				"east": {"uv": [2.5, 0, 0, 2.4], "rotation": 180, "texture": "#2"},
				"south": {"uv": [2.4, 0, 0, 0.75], "rotation": 270, "texture": "#2"},
				"west": {"uv": [2.5, 0, 0, 2.4], "texture": "#2"},
				"up": {"uv": [2.5, 0, 0, 0.75], "rotation": 270, "texture": "#2"},
				"down": {"uv": [2.5, 0, 0, 0.75], "rotation": 270, "texture": "#2"}
			}
		},
		{
			"from": [2.32643, 18.47279, 11.73531],
			"to": [2.47043, 20.13779, 12.08091],
			"rotation": {"angle": -45, "axis": "x", "origin": [2.39843, 19.57107, 11.45612]},
			"faces": {
				"north": {"uv": [2.5, 0, 0, 0.75], "rotation": 90, "texture": "#2"},
				"east": {"uv": [0, 2.4, 2.5, 0], "rotation": 270, "texture": "#2"},
				"south": {"uv": [2.5, 0, 0, 0.75], "rotation": 270, "texture": "#2"},
				"west": {"uv": [0, 2.4, 2.5, 0], "rotation": 270, "texture": "#2"},
				"up": {"uv": [2.4, 0, 0, 0.75], "rotation": 270, "texture": "#2"},
				"down": {"uv": [2.4, 0, 0, 0.75], "rotation": 270, "texture": "#2"}
			}
		},
		{
			"from": [2.32643, 19.70028, 11.03938],
			"to": [2.47043, 20.04588, 11.39938],
			"rotation": {"angle": 22.5, "axis": "x", "origin": [2.39843, 19.57107, 11.45612]},
			"faces": {
				"north": {"uv": [2.4, 0, 0, 0.75], "rotation": 90, "texture": "#2"},
				"east": {"uv": [2.5, 0, 0, 2.4], "rotation": 180, "texture": "#2"},
				"south": {"uv": [2.4, 0, 0, 0.75], "rotation": 270, "texture": "#2"},
				"west": {"uv": [2.5, 0, 0, 2.4], "texture": "#2"},
				"up": {"uv": [2.5, 0, 0, 0.75], "rotation": 270, "texture": "#2"},
				"down": {"uv": [2.5, 0, 0, 0.75], "rotation": 270, "texture": "#2"}
			}
		},
		{
			"from": [2.32643, 19.50432, 11.12055],
			"to": [2.47043, 19.84992, 11.48055],
			"rotation": {"angle": 0, "axis": "y", "origin": [2.39843, 19.57107, 11.45612]},
			"faces": {
				"north": {"uv": [2.4, 0, 0, 0.75], "rotation": 90, "texture": "#2"},
				"east": {"uv": [2.5, 0, 0, 2.4], "rotation": 180, "texture": "#2"},
				"south": {"uv": [2.4, 0, 0, 0.75], "rotation": 270, "texture": "#2"},
				"west": {"uv": [2.5, 0, 0, 2.4], "texture": "#2"},
				"up": {"uv": [2.5, 0, 0, 0.75], "rotation": 270, "texture": "#2"},
				"down": {"uv": [2.5, 0, 0, 0.75], "rotation": 270, "texture": "#2"}
			}
		},
		{
			"from": [2.32643, 19.00435, 11.73531],
			"to": [2.47043, 19.36435, 12.08091],
			"rotation": {"angle": 22.5, "axis": "x", "origin": [2.39843, 19.57107, 11.45612]},
			"faces": {
				"north": {"uv": [2.5, 0, 0, 0.75], "rotation": 90, "texture": "#2"},
				"east": {"uv": [0, 2.4, 2.5, 0], "rotation": 90, "texture": "#2"},
				"south": {"uv": [2.5, 0, 0, 0.75], "rotation": 270, "texture": "#2"},
				"west": {"uv": [0, 2.4, 2.5, 0], "rotation": 90, "texture": "#2"},
				"up": {"uv": [2.4, 0, 0, 0.75], "rotation": 270, "texture": "#2"},
				"down": {"uv": [2.4, 0, 0, 0.75], "rotation": 270, "texture": "#2"}
			}
		},
		{
			"from": [2.32643, 19.09627, 11.03938],
			"to": [2.47043, 19.44187, 11.39938],
			"rotation": {"angle": -45, "axis": "x", "origin": [2.39843, 19.57107, 11.45612]},
			"faces": {
				"north": {"uv": [2.4, 0, 0, 0.75], "rotation": 90, "texture": "#2"},
				"east": {"uv": [2.5, 0, 0, 2.4], "rotation": 180, "texture": "#2"},
				"south": {"uv": [2.4, 0, 0, 0.75], "rotation": 270, "texture": "#2"},
				"west": {"uv": [2.5, 0, 0, 2.4], "texture": "#2"},
				"up": {"uv": [2.5, 0, 0, 0.75], "rotation": 270, "texture": "#2"},
				"down": {"uv": [2.5, 0, 0, 0.75], "rotation": 270, "texture": "#2"}
			}
		},
		{
			"from": [2.32643, 18.8084, 3.91647],
			"to": [2.47043, 19.1684, 4.26207],
			"rotation": {"angle": 0, "axis": "y", "origin": [2.39843, 18.9884, 4.08927]},
			"faces": {
				"north": {"uv": [2.5, 0, 0, 0.75], "rotation": 90, "texture": "#2"},
				"east": {"uv": [0, 2.4, 2.5, 0], "rotation": 90, "texture": "#2"},
				"south": {"uv": [2.5, 0, 0, 0.75], "rotation": 270, "texture": "#2"},
				"west": {"uv": [0, 2.4, 2.5, 0], "rotation": 90, "texture": "#2"},
				"up": {"uv": [2.4, 0, 0, 0.75], "rotation": 270, "texture": "#2"},
				"down": {"uv": [2.4, 0, 0, 0.75], "rotation": 270, "texture": "#2"}
			}
		},
		{
			"from": [2.32643, 18.95012, 4.12857],
			"to": [2.47043, 19.31012, 4.47417],
			"rotation": {"angle": -22.5, "axis": "x", "origin": [2.39843, 19.21484, 4.55156]},
			"faces": {
				"north": {"uv": [2.5, 0, 0, 0.75], "rotation": 90, "texture": "#2"},
				"east": {"uv": [0, 2.4, 2.5, 0], "rotation": 90, "texture": "#2"},
				"south": {"uv": [2.5, 0, 0, 0.75], "rotation": 270, "texture": "#2"},
				"west": {"uv": [0, 2.4, 2.5, 0], "rotation": 90, "texture": "#2"},
				"up": {"uv": [2.4, 0, 0, 0.75], "rotation": 270, "texture": "#2"},
				"down": {"uv": [2.4, 0, 0, 0.75], "rotation": 270, "texture": "#2"}
			}
		},
		{
			"from": [2.32643, 18.99989, 4.37876],
			"to": [2.47043, 19.35989, 4.72436],
			"rotation": {"angle": -45, "axis": "x", "origin": [2.39843, 19.21484, 4.55156]},
			"faces": {
				"north": {"uv": [2.5, 0, 0, 0.75], "rotation": 90, "texture": "#2"},
				"east": {"uv": [0, 2.4, 2.5, 0], "rotation": 90, "texture": "#2"},
				"south": {"uv": [2.5, 0, 0, 0.75], "rotation": 270, "texture": "#2"},
				"west": {"uv": [0, 2.4, 2.5, 0], "rotation": 90, "texture": "#2"},
				"up": {"uv": [2.4, 0, 0, 0.75], "rotation": 270, "texture": "#2"},
				"down": {"uv": [2.4, 0, 0, 0.75], "rotation": 270, "texture": "#2"}
			}
		},
		{
			"from": [2.32643, 19.29222, 3.19628],
			"to": [2.47043, 19.63782, 4.81628],
			"rotation": {"angle": 22.5, "axis": "x", "origin": [2.39843, 19.21484, 4.55156]},
			"faces": {
				"north": {"uv": [2.4, 0, 0, 0.75], "rotation": 90, "texture": "#2"},
				"east": {"uv": [2.5, 0, 0, 2.4], "texture": "#2"},
				"south": {"uv": [2.4, 0, 0, 0.75], "rotation": 270, "texture": "#2"},
				"west": {"uv": [2.5, 0, 0, 2.4], "rotation": 180, "texture": "#2"},
				"up": {"uv": [2.5, 0, 0, 0.75], "rotation": 270, "texture": "#2"},
				"down": {"uv": [2.5, 0, 0, 0.75], "rotation": 270, "texture": "#2"}
			}
		},
		{
			"from": [2.32643, 19.50432, 3.518],
			"to": [2.47043, 19.84992, 4.958],
			"rotation": {"angle": 0, "axis": "y", "origin": [2.39843, 20.12911, 4.39128]},
			"faces": {
				"north": {"uv": [2.4, 0, 0, 0.75], "rotation": 90, "texture": "#2"},
				"east": {"uv": [2.5, 0, 0, 2.4], "texture": "#2"},
				"south": {"uv": [2.4, 0, 0, 0.75], "rotation": 270, "texture": "#2"},
				"west": {"uv": [2.5, 0, 0, 2.4], "rotation": 180, "texture": "#2"},
				"up": {"uv": [2.5, 0, 0, 0.75], "rotation": 270, "texture": "#2"},
				"down": {"uv": [2.5, 0, 0, 0.75], "rotation": 270, "texture": "#2"}
			}
		},
		{
			"from": [2.32643, 19.6543, 4.44802],
			"to": [2.47043, 19.9999, 4.80802],
			"rotation": {"angle": -22.5, "axis": "x", "origin": [2.39843, 20.12911, 4.39128]},
			"faces": {
				"north": {"uv": [2.4, 0, 0, 0.75], "rotation": 90, "texture": "#2"},
				"east": {"uv": [2.5, 0, 0, 2.4], "texture": "#2"},
				"south": {"uv": [2.4, 0, 0, 0.75], "rotation": 270, "texture": "#2"},
				"west": {"uv": [2.5, 0, 0, 2.4], "rotation": 180, "texture": "#2"},
				"up": {"uv": [2.5, 0, 0, 0.75], "rotation": 270, "texture": "#2"},
				"down": {"uv": [2.5, 0, 0, 0.75], "rotation": 270, "texture": "#2"}
			}
		},
		{
			"from": [2.32643, 19.85026, 3.06185],
			"to": [2.47043, 20.19586, 4.72685],
			"rotation": {"angle": -45, "axis": "x", "origin": [2.39843, 20.12911, 4.39128]},
			"faces": {
				"north": {"uv": [2.4, 0, 0, 0.75], "rotation": 90, "texture": "#2"},
				"east": {"uv": [2.5, 0, 0, 2.4], "texture": "#2"},
				"south": {"uv": [2.4, 0, 0, 0.75], "rotation": 270, "texture": "#2"},
				"west": {"uv": [2.5, 0, 0, 2.4], "rotation": 180, "texture": "#2"},
				"up": {"uv": [2.5, 0, 0, 0.75], "rotation": 270, "texture": "#2"},
				"down": {"uv": [2.5, 0, 0, 0.75], "rotation": 270, "texture": "#2"}
			}
		},
		{
			"from": [2.32643, 19.03083, 3.7665],
			"to": [2.47043, 20.69583, 4.1121],
			"rotation": {"angle": -22.5, "axis": "x", "origin": [2.39843, 20.12911, 4.39128]},
			"faces": {
				"north": {"uv": [2.5, 0, 0, 0.75], "rotation": 90, "texture": "#2"},
				"east": {"uv": [0, 2.4, 2.5, 0], "rotation": 270, "texture": "#2"},
				"south": {"uv": [2.5, 0, 0, 0.75], "rotation": 270, "texture": "#2"},
				"west": {"uv": [0, 2.4, 2.5, 0], "rotation": 270, "texture": "#2"},
				"up": {"uv": [2.4, 0, 0, 0.75], "rotation": 270, "texture": "#2"},
				"down": {"uv": [2.4, 0, 0, 0.75], "rotation": 270, "texture": "#2"}
			}
		},
		{
			"from": [2.32643, 19.01585, 3.91647],
			"to": [2.47043, 20.54585, 4.26207],
			"rotation": {"angle": 0, "axis": "y", "origin": [2.39843, 20.12911, 4.39128]},
			"faces": {
				"north": {"uv": [2.5, 0, 0, 0.75], "rotation": 90, "texture": "#2"},
				"east": {"uv": [0, 2.4, 2.5, 0], "rotation": 270, "texture": "#2"},
				"south": {"uv": [2.5, 0, 0, 0.75], "rotation": 270, "texture": "#2"},
				"west": {"uv": [0, 2.4, 2.5, 0], "rotation": 270, "texture": "#2"},
				"up": {"uv": [2.4, 0, 0, 0.75], "rotation": 270, "texture": "#2"},
				"down": {"uv": [2.4, 0, 0, 0.75], "rotation": 270, "texture": "#2"}
			}
		},
		{
			"from": [2.32643, 18.88968, 4.11243],
			"to": [2.47043, 20.46468, 4.45803],
			"rotation": {"angle": 22.5, "axis": "x", "origin": [2.39843, 20.12911, 4.39128]},
			"faces": {
				"north": {"uv": [2.5, 0, 0, 0.75], "rotation": 90, "texture": "#2"},
				"east": {"uv": [0, 2.4, 2.5, 0], "rotation": 270, "texture": "#2"},
				"south": {"uv": [2.5, 0, 0, 0.75], "rotation": 270, "texture": "#2"},
				"west": {"uv": [0, 2.4, 2.5, 0], "rotation": 270, "texture": "#2"},
				"up": {"uv": [2.4, 0, 0, 0.75], "rotation": 270, "texture": "#2"},
				"down": {"uv": [2.4, 0, 0, 0.75], "rotation": 270, "texture": "#2"}
			}
		},
		{
			"from": [2.32643, 19.29222, 3.22055],
			"to": [2.47043, 19.63782, 4.93055],
			"rotation": {"angle": -22.5, "axis": "x", "origin": [2.39843, 19.57107, 3.55612]},
			"faces": {
				"north": {"uv": [2.4, 0, 0, 0.75], "rotation": 90, "texture": "#2"},
				"east": {"uv": [2.5, 0, 0, 2.4], "rotation": 180, "texture": "#2"},
				"south": {"uv": [2.4, 0, 0, 0.75], "rotation": 270, "texture": "#2"},
				"west": {"uv": [2.5, 0, 0, 2.4], "texture": "#2"},
				"up": {"uv": [2.5, 0, 0, 0.75], "rotation": 270, "texture": "#2"},
				"down": {"uv": [2.5, 0, 0, 0.75], "rotation": 270, "texture": "#2"}
			}
		},
		{
			"from": [2.32643, 18.47279, 3.83531],
			"to": [2.47043, 20.13779, 4.18091],
			"rotation": {"angle": -45, "axis": "x", "origin": [2.39843, 19.57107, 3.55612]},
			"faces": {
				"north": {"uv": [2.5, 0, 0, 0.75], "rotation": 90, "texture": "#2"},
				"east": {"uv": [0, 2.4, 2.5, 0], "rotation": 270, "texture": "#2"},
				"south": {"uv": [2.5, 0, 0, 0.75], "rotation": 270, "texture": "#2"},
				"west": {"uv": [0, 2.4, 2.5, 0], "rotation": 270, "texture": "#2"},
				"up": {"uv": [2.4, 0, 0, 0.75], "rotation": 270, "texture": "#2"},
				"down": {"uv": [2.4, 0, 0, 0.75], "rotation": 270, "texture": "#2"}
			}
		},
		{
			"from": [2.32643, 19.70028, 3.13938],
			"to": [2.47043, 20.04588, 3.49938],
			"rotation": {"angle": 22.5, "axis": "x", "origin": [2.39843, 19.57107, 3.55612]},
			"faces": {
				"north": {"uv": [2.4, 0, 0, 0.75], "rotation": 90, "texture": "#2"},
				"east": {"uv": [2.5, 0, 0, 2.4], "rotation": 180, "texture": "#2"},
				"south": {"uv": [2.4, 0, 0, 0.75], "rotation": 270, "texture": "#2"},
				"west": {"uv": [2.5, 0, 0, 2.4], "texture": "#2"},
				"up": {"uv": [2.5, 0, 0, 0.75], "rotation": 270, "texture": "#2"},
				"down": {"uv": [2.5, 0, 0, 0.75], "rotation": 270, "texture": "#2"}
			}
		},
		{
			"from": [2.32643, 19.50432, 3.22055],
			"to": [2.47043, 19.84992, 3.58055],
			"rotation": {"angle": 0, "axis": "y", "origin": [2.39843, 19.57107, 3.55612]},
			"faces": {
				"north": {"uv": [2.4, 0, 0, 0.75], "rotation": 90, "texture": "#2"},
				"east": {"uv": [2.5, 0, 0, 2.4], "rotation": 180, "texture": "#2"},
				"south": {"uv": [2.4, 0, 0, 0.75], "rotation": 270, "texture": "#2"},
				"west": {"uv": [2.5, 0, 0, 2.4], "texture": "#2"},
				"up": {"uv": [2.5, 0, 0, 0.75], "rotation": 270, "texture": "#2"},
				"down": {"uv": [2.5, 0, 0, 0.75], "rotation": 270, "texture": "#2"}
			}
		},
		{
			"from": [2.32643, 19.00435, 3.83531],
			"to": [2.47043, 19.36435, 4.18091],
			"rotation": {"angle": 22.5, "axis": "x", "origin": [2.39843, 19.57107, 3.55612]},
			"faces": {
				"north": {"uv": [2.5, 0, 0, 0.75], "rotation": 90, "texture": "#2"},
				"east": {"uv": [0, 2.4, 2.5, 0], "rotation": 90, "texture": "#2"},
				"south": {"uv": [2.5, 0, 0, 0.75], "rotation": 270, "texture": "#2"},
				"west": {"uv": [0, 2.4, 2.5, 0], "rotation": 90, "texture": "#2"},
				"up": {"uv": [2.4, 0, 0, 0.75], "rotation": 270, "texture": "#2"},
				"down": {"uv": [2.4, 0, 0, 0.75], "rotation": 270, "texture": "#2"}
			}
		},
		{
			"from": [2.32643, 19.09627, 3.13938],
			"to": [2.47043, 19.44187, 3.49938],
			"rotation": {"angle": -45, "axis": "x", "origin": [2.39843, 19.57107, 3.55612]},
			"faces": {
				"north": {"uv": [2.4, 0, 0, 0.75], "rotation": 90, "texture": "#2"},
				"east": {"uv": [2.5, 0, 0, 2.4], "rotation": 180, "texture": "#2"},
				"south": {"uv": [2.4, 0, 0, 0.75], "rotation": 270, "texture": "#2"},
				"west": {"uv": [2.5, 0, 0, 2.4], "texture": "#2"},
				"up": {"uv": [2.5, 0, 0, 0.75], "rotation": 270, "texture": "#2"},
				"down": {"uv": [2.5, 0, 0, 0.75], "rotation": 270, "texture": "#2"}
			}
		},
		{
			"from": [2, 15.39134, 3.55922],
			"to": [2.4, 16.49134, 12.45922],
			"rotation": {"angle": 0, "axis": "y", "origin": [0, 2.99134, 0.45922]},
			"faces": {
				"north": {"uv": [0, 0, 0.4, 1.1], "texture": "#3"},
				"east": {"uv": [0, 0, 8.9, 1.1], "texture": "#3"},
				"south": {"uv": [0, 0, 0.4, 1.1], "texture": "#3"},
				"west": {"uv": [0, 0, 8.9, 1.1], "texture": "#3"},
				"up": {"uv": [0, 0, 0.4, 8.9], "texture": "#3"},
				"down": {"uv": [0, 0, 0.4, 8.9], "texture": "#3"}
			}
		},
		{
			"from": [2, 14.97462, 3.83582],
			"to": [2.4, 16.17462, 6.43582],
			"rotation": {"angle": 22.5, "axis": "x", "origin": [1.9, 15.92462, 4.73582]},
			"faces": {
				"north": {"uv": [0, 0, 0.4, 1.2], "texture": "#3"},
				"east": {"uv": [0, 0, 2.6, 1.2], "texture": "#3"},
				"south": {"uv": [0, 0, 0.4, 1.2], "texture": "#3"},
				"west": {"uv": [0, 0, 2.6, 1.2], "texture": "#3"},
				"up": {"uv": [0, 0, 0.4, 2.6], "texture": "#3"},
				"down": {"uv": [0, 0, 0.4, 2.6], "texture": "#3"}
			}
		},
		{
			"from": [2, 14.97462, 9.56418],
			"to": [2.4, 16.17462, 12.16418],
			"rotation": {"angle": -22.5, "axis": "x", "origin": [1.9, 15.92462, 11.26418]},
			"faces": {
				"north": {"uv": [1, 0, 1.4, 1.2], "texture": "#3"},
				"east": {"uv": [2.6, 0, 5.2, 1.2], "texture": "#3"},
				"south": {"uv": [1, 0, 1.4, 1.2], "texture": "#3"},
				"west": {"uv": [2.6, 0, 5.2, 1.2], "texture": "#3"},
				"up": {"uv": [0, 2.6, 0.4, 5.2], "texture": "#3"},
				"down": {"uv": [0, 2.6, 0.4, 5.2], "texture": "#3"}
			}
		},
		{
			"from": [2, 14.39637, 5.94287],
			"to": [2.4, 16.39637, 10.14287],
			"rotation": {"angle": 0, "axis": "x", "origin": [1.9, 15.34637, 6.84287]},
			"faces": {
				"north": {"uv": [0, 0, 0.4, 2], "texture": "#3"},
				"east": {"uv": [0, 0, 4.2, 2], "texture": "#3"},
				"south": {"uv": [0, 0, 0.4, 2], "texture": "#3"},
				"west": {"uv": [0, 0, 4.2, 2], "texture": "#3"},
				"up": {"uv": [0, 0, 0.4, 4.2], "texture": "#3"},
				"down": {"uv": [0, 0, 0.4, 4.2], "texture": "#3"}
			}
		},
		{
			"from": [2, 15.39637, 4.94287],
			"to": [2.4, 16.39637, 11.04287],
			"rotation": {"angle": 0, "axis": "x", "origin": [1.9, 15.34637, 6.84287]},
			"faces": {
				"north": {"uv": [0, 0, 0.4, 1], "texture": "#3"},
				"east": {"uv": [0, 0, 6.1, 1], "texture": "#3"},
				"south": {"uv": [0, 0, 0.4, 1], "texture": "#3"},
				"west": {"uv": [0, 0, 6.1, 1], "texture": "#3"},
				"up": {"uv": [0, 0, 0.4, 6.1], "texture": "#3"},
				"down": {"uv": [0, 0, 0.4, 6.1], "texture": "#3"}
			}
		}
	],
	"gui_light": "front",
	"display": {
		"thirdperson_righthand": {
			"rotation": [91, 0, 0],
			"translation": [6.25, -1, -8.5]
		},
		"thirdperson_lefthand": {
			"rotation": [92, 178, -1],
			"translation": [6.5, -2, -8.5]
		},
		"firstperson_righthand": {
			"rotation": [85, -9, -16],
			"translation": [7.5, -0.75, -7.75]
		},
		"ground": {
			"translation": [0, 4.25, 0]
		},
		"gui": {
			"rotation": [11, -126, 3],
			"translation": [-0.5, -1.25, -8],
			"scale": [0.6, 0.6, 0.6]
		},
		"head": {
			"rotation": [0, 92, 0],
			"translation": [0, 14, 0]
		},
		"fixed": {
			"rotation": [0, 90, 0],
			"translation": [0, -1, -8.25]
		}
	},
	"groups": [
		{
			"name": "legs",
			"origin": [8, 8, 8],
			"color": 0,
			"children": [
				{
					"name": "leg1",
					"origin": [1, 0.5, 1],
					"color": 0,
					"children": [0, 1, 2, 3, 4, 5, 6]
				},
				{
					"name": "leg2",
					"origin": [1, 0.5, 1],
					"color": 0,
					"children": [7, 8, 9, 10, 11, 12]
				},
				{
					"name": "leg3",
					"origin": [1, 0.5, 1],
					"color": 0,
					"children": [13, 14, 15, 16, 17, 18]
				},
				{
					"name": "leg4",
					"origin": [1, 0.5, 1],
					"color": 0,
					"children": [19, 20, 21, 22, 23, 24]
				}
			]
		},
		{
			"name": "base",
			"origin": [8, 8, 8],
			"color": 0,
			"children": [25, 26, 27, 28, 29, 30, 31, 32, 33, 34, 35, 36, 37, 38, 39, 40, 41, 42, 43, 44]
		},
		{
			"name": "seat",
			"origin": [8, 8, 8],
			"color": 0,
			"children": [45, 46, 47, 48, 49, 50, 51, 52, 53, 54, 55, 56, 57, 58, 59, 60]
		},
		{
			"name": "backboard",
			"origin": [8, 8, 8],
			"color": 0,
			"children": [
				61,
				62,
				63,
				64,
				65,
				66,
				67,
				68,
				69,
				70,
				71,
				{
					"name": "eyearch2",
					"origin": [1.85788, 20.39065, 3.15478],
					"color": 0,
					"children": [72, 73, 74, 75, 76, 77, 78, 79, 80]
				},
				{
					"name": "eyearch1",
					"origin": [1.85788, 20.39065, 3.15478],
					"color": 0,
					"children": [81, 82, 83, 84, 85, 86, 87, 88, 89]
				},
				{
					"name": "eye",
					"origin": [8, 8, 8],
					"color": 0,
					"children": [90, 91, 92, 93, 94, 95, 96, 97, 98, 99, 100, 101, 102, 103, 104, 105]
				},
				{
					"name": "eye2",
					"origin": [8, 8, 8],
					"color": 0,
					"children": [106, 107, 108, 109, 110, 111, 112, 113, 114, 115, 116, 117, 118, 119, 120, 121]
				},
				{
					"name": "mouth",
					"origin": [8, 8, 8],
					"color": 0,
					"children": [122, 123, 124, 125, 126]
				}
			]
		}
	]
}