{
	"credit": "Made with Blockbench",
	"textures": {
		"1": "models/armor/EarTop",
		"2": "models/armor/texture",
		"3": "models/armor/TopBand",
		"4": "models/armor/TopSideBand",
		"particle": "block/texture"
	},
	"elements": [
		{
			"from": [6, 0, -0.5],
			"to": [10, 6, 3],
			"rotation": {"angle": 0, "axis": "y", "origin": [8, 3, 9]},
			"faces": {
				"north": {"uv": [0, 0, 4, 6], "texture": "#2"},
				"east": {"uv": [0, 0, 3.5, 6], "texture": "#2"},
				"south": {"uv": [0, 0, 4, 6], "texture": "#2"},
				"west": {"uv": [0, 0, 3.5, 6], "texture": "#2"},
				"up": {"uv": [0, 0, 4, 3.5], "texture": "#2"},
				"down": {"uv": [0, 0, 4, 3.5], "texture": "#2"}
			}
		},
		{
			"from": [5, 1, -0.5],
			"to": [11, 5, 3],
			"rotation": {"angle": 0, "axis": "y", "origin": [8, 3, 9]},
			"faces": {
				"north": {"uv": [0, 0, 6, 4], "texture": "#2"},
				"east": {"uv": [0, 0, 3.5, 4], "texture": "#2"},
				"south": {"uv": [0, 0, 6, 4], "texture": "#2"},
				"west": {"uv": [0, 0, 3.5, 4], "texture": "#2"},
				"up": {"uv": [0, 0, 6, 3.5], "texture": "#2"},
				"down": {"uv": [0, 0, 6, 3.5], "texture": "#2"}
			}
		},
		{
			"from": [6, 1, -1.5],
			"to": [10, 8, 0],
			"rotation": {"angle": 0, "axis": "y", "origin": [14, 9, 7]},
			"faces": {
				"north": {"uv": [0, 0, 4, 7], "texture": "#2"},
				"east": {"uv": [0, 0, 1.5, 7], "texture": "#2"},
				"south": {"uv": [0, 0, 4, 7], "texture": "#2"},
				"west": {"uv": [0, 0, 1.5, 7], "texture": "#2"},
				"up": {"uv": [0, 0, 4, 1.5], "texture": "#2"},
				"down": {"uv": [0, 0, 4, 1.5], "texture": "#2"}
			}
		},
		{
			"from": [6, 0, 13],
			"to": [10, 6, 16.5],
			"rotation": {"angle": 0, "axis": "y", "origin": [8, 3, 7]},
			"faces": {
				"north": {"uv": [0, 0, 4, 6], "texture": "#2"},
				"east": {"uv": [0, 0, 3.5, 6], "texture": "#2"},
				"south": {"uv": [0, 0, 4, 6], "texture": "#2"},
				"west": {"uv": [0, 0, 3.5, 6], "texture": "#2"},
				"up": {"uv": [0, 0, 4, 3.5], "texture": "#2"},
				"down": {"uv": [0, 0, 4, 3.5], "texture": "#2"}
			}
		},
		{
			"from": [5, 1, 13],
			"to": [11, 5, 16.5],
			"rotation": {"angle": 0, "axis": "y", "origin": [8, 3, 7]},
			"faces": {
				"north": {"uv": [0, 0, 6, 4], "texture": "#2"},
				"east": {"uv": [0, 0, 3.5, 4], "texture": "#2"},
				"south": {"uv": [0, 0, 6, 4], "texture": "#2"},
				"west": {"uv": [0, 0, 3.5, 4], "texture": "#2"},
				"up": {"uv": [0, 0, 6, 3.5], "texture": "#2"},
				"down": {"uv": [0, 0, 6, 3.5], "texture": "#2"}
			}
		},
		{
			"from": [6, 1, 16],
			"to": [10, 8, 17.5],
			"rotation": {"angle": 0, "axis": "y", "origin": [14, 9, 24.5]},
			"faces": {
				"north": {"uv": [0, 0, 4, 7], "texture": "#2"},
				"east": {"uv": [0, 0, 1.5, 7], "texture": "#2"},
				"south": {"uv": [0, 0, 4, 7], "texture": "#2"},
				"west": {"uv": [0, 0, 1.5, 7], "texture": "#2"},
				"up": {"uv": [0, 0, 4, 1.5], "texture": "#2"},
				"down": {"uv": [0, 0, 4, 1.5], "texture": "#2"}
			}
		},
		{
			"from": [6, 7.88744, -1.7019],
			"to": [10, 9.98744, 3.2981],
			"rotation": {"angle": -45, "axis": "x", "origin": [8, 9.23744, 0.7981]},
			"faces": {
				"north": {"uv": [0, 0, 4, 2.1], "rotation": 180, "texture": "#4"},
				"east": {"uv": [0, 9, 2, 14], "rotation": 90, "texture": "#4"},
				"south": {"uv": [0, 0, 4, 2.1], "texture": "#4"},
				"west": {"uv": [9, 0, 11, 5], "rotation": 270, "texture": "#4"},
				"up": {"uv": [0, 0, 4, 5], "texture": "#4"},
				"down": {"uv": [4, 4, 8, 9], "rotation": 180, "texture": "#4"}
			}
		},
		{
			"from": [6, 7.88744, 12.7019],
			"to": [10, 9.98744, 17.7019],
			"rotation": {"angle": 45, "axis": "x", "origin": [8, 9.23744, 15.2019]},
			"faces": {
				"north": {"uv": [0, 5, 4, 7], "texture": "#4"},
				"east": {"uv": [4, 0, 9, 2], "texture": "#4"},
				"south": {"uv": [0, 7, 4, 9], "texture": "#4"},
				"west": {"uv": [4, 2, 9, 4], "texture": "#4"},
				"up": {"uv": [4, 5, 0, 0], "texture": "#4"},
				"down": {"uv": [8, 4, 4, 9], "texture": "#4"}
			}
		},
		{
			"from": [6, 10.03553, 2.06447],
			"to": [10, 11.53553, 14.06447],
			"rotation": {"angle": 0, "axis": "y", "origin": [14, 18.03553, 8.06447]},
			"faces": {
				"north": {"uv": [8, 8, 12, 10], "texture": "#3"},
				"east": {"uv": [4, 0, 16, 2], "texture": "#3"},
				"south": {"uv": [8, 4, 12, 6], "texture": "#3"},
				"west": {"uv": [4, 2, 16, 4], "texture": "#3"},
				"up": {"uv": [4, 12, 0, 0], "texture": "#3"},
				"down": {"uv": [8, 4, 4, 16], "texture": "#3"}
			}
		},
		{
			"from": [6.1, 12.86719, 11.29175],
			"to": [9.9, 14.96719, 13.29175],
			"rotation": {"angle": -45, "axis": "x", "origin": [8.5, 13.46719, 12.79175]},
			"faces": {
				"north": {"uv": [0, 0, 6, 4.2], "texture": "#1"},
				"east": {"uv": [0, 8, 4, 12], "texture": "#1"},
				"south": {"uv": [0, 4, 6, 8], "texture": "#1"},
				"west": {"uv": [4, 10, 8, 14], "texture": "#1"},
				"up": {"uv": [0, 2, 6, 6], "texture": "#1"},
				"down": {"uv": [0, 0, 6, 4], "texture": "#1"}
			}
		},
		{
			"from": [6.1, 10.40734, 9.98223],
			"to": [9.9, 13.00734, 11.98223],
			"rotation": {"angle": 22.5, "axis": "x", "origin": [8.5, 11.50734, 11.48223]},
			"faces": {
				"north": {"uv": [0, 0, 3.8, 2.6], "rotation": 180, "texture": "#2"},
				"east": {"uv": [0, 0, 2.6, 2], "rotation": 90, "texture": "#2"},
				"south": {"uv": [0, 0, 3.8, 2.6], "texture": "#2"},
				"west": {"uv": [0, 0, 2.6, 2], "rotation": 270, "texture": "#2"},
				"up": {"uv": [0, 0, 3.8, 2], "texture": "#2"},
				"down": {"uv": [0, 0, 3.8, 2], "rotation": 180, "texture": "#2"}
			}
		},
		{
			"from": [6.1, 10.31931, 12.18165],
			"to": [9.9, 13.31931, 14.18165],
			"rotation": {"angle": -22.5, "axis": "x", "origin": [8.5, 11.81931, 13.68165]},
			"faces": {
				"north": {"uv": [0, 0, 3.8, 3], "rotation": 180, "texture": "#2"},
				"east": {"uv": [0, 0, 3, 2], "rotation": 90, "texture": "#2"},
				"south": {"uv": [0, 0, 3.8, 3], "texture": "#2"},
				"west": {"uv": [0, 0, 3, 2], "rotation": 270, "texture": "#2"},
				"up": {"uv": [0, 0, 3.8, 2], "texture": "#2"},
				"down": {"uv": [0, 0, 3.8, 2], "rotation": 180, "texture": "#2"}
			}
		},
		{
			"from": [6.1, 12.86719, 3.29175],
			"to": [9.9, 14.96719, 5.29175],
			"rotation": {"angle": -45, "axis": "x", "origin": [7.5, 13.46719, 4.79175]},
			"faces": {
				"north": {"uv": [0, 0, 6, 4], "texture": "#1"},
				"east": {"uv": [0, 8, 4, 12], "texture": "#1"},
				"south": {"uv": [0, 4, 6, 8], "texture": "#1"},
				"west": {"uv": [4, 10, 8, 14], "texture": "#1"},
				"up": {"uv": [12, 10, 6, 6], "texture": "#1"},
				"down": {"uv": [12, 0, 6, 4], "texture": "#1"}
			}
		},
		{
			"from": [6.1, 10.00734, 1.98223],
			"to": [9.9, 13.00734, 3.98223],
			"rotation": {"angle": 22.5, "axis": "x", "origin": [7.5, 11.50734, 3.48223]},
			"faces": {
				"north": {"uv": [0, 0, 6, 6], "texture": "#2"},
				"east": {"uv": [6, 6, 10, 12], "texture": "#2"},
				"south": {"uv": [0, 6, 6, 12], "texture": "#2"},
				"west": {"uv": [6, 0, 10, 6], "texture": "#2"},
				"up": {"uv": [16, 14, 10, 10], "texture": "#2"},
				"down": {"uv": [16, 0, 10, 4], "texture": "#2"}
			}
		},
		{
			"from": [6.1, 11.01931, 4.18165],
			"to": [9.9, 13.31931, 6.18165],
			"rotation": {"angle": -22.5, "axis": "x", "origin": [7.5, 11.81931, 5.68165]},
			"faces": {
				"north": {"uv": [0, 0, 3.8, 2.3], "rotation": 180, "texture": "#2"},
				"east": {"uv": [0, 0, 2.3, 2], "rotation": 90, "texture": "#2"},
				"south": {"uv": [0, 0, 3.8, 2.3], "texture": "#2"},
				"west": {"uv": [0, 0, 2.3, 2], "rotation": 270, "texture": "#2"},
				"up": {"uv": [0, 0, 3.8, 2], "texture": "#2"},
				"down": {"uv": [0, 0, 3.8, 2], "rotation": 180, "texture": "#2"}
			}
		}
	],
	"display": {
		"thirdperson_righthand": {
			"rotation": [90, 0, 0],
			"translation": [0, -1.25, -0.5],
			"scale": [0.5, 0.5, 0.5]
		},
		"thirdperson_lefthand": {
			"rotation": [90, 0, 0],
			"translation": [0, -1.25, -0.5],
			"scale": [0.5, 0.5, 0.5]
		},
		"ground": {
			"scale": [0.5, 0.5, 0.5]
		},
		"gui": {
			"rotation": [0, -90, 0],
			"translation": [0, 0.5, 0],
			"scale": [0.8, 0.8, 0.8]
		},
		"head": {
			"rotation": [0, -90, 0],
			"translation": [0, 5.25, 0]
		},
		"fixed": {
			"rotation": [0, -90, 0]
		}
	},
	"groups": [
		{
			"name": "Right Headphone",
			"origin": [7.5, 2, 4.75],
			"children": [0, 1, 2]
		},
		{
			"name": "Left Headphone",
			"origin": [7.5, 2, 4.75],
			"children": [3, 4, 5]
		}, 6, 7, 8,
		{
			"name": "group",
			"origin": [8.5, 13.50734, 12.48223],
			"children": [9, 10, 11]
		},
		{
			"name": "group",
			"origin": [8.5, 13.50734, 12.48223],
			"children": [12, 13, 14]
		}
	]
}